,0,1,2
0,-7.999999999999723,1.0,-0.0
1,-7.989999999999723,1.0,-0.0
2,-7.979999999999723,1.0,-0.0
3,-7.9699999999997235,1.0,-0.0
4,-7.959999999999724,1.0,-0.0
5,-7.949999999999724,1.0,-0.0
6,-7.939999999999724,1.0,-0.0
7,-7.929999999999724,1.0,-0.0
8,-7.919999999999725,1.0,-0.0
9,-7.909999999999725,1.0,-0.0
10,-7.899999999999725,1.0,-0.0
11,-7.889999999999725,1.0,-0.0
12,-7.8799999999997254,1.0,-0.0
13,-7.869999999999726,1.0,-0.0
14,-7.859999999999726,1.0,-0.0
15,-7.849999999999726,1.0,-0.0
16,-7.839999999999726,1.0,-0.0
17,-7.8299999999997265,1.0,-0.0
18,-7.819999999999727,1.0,-0.0
19,-7.809999999999727,1.0,-0.0
20,-7.799999999999727,1.0,-0.0
21,-7.789999999999727,1.0,-0.0
22,-7.779999999999728,1.0,-0.0
23,-7.769999999999728,1.0,-0.0
24,-7.759999999999728,1.0,-0.0
25,-7.749999999999728,1.0,-0.0
26,-7.739999999999728,1.0,-0.0
27,-7.729999999999729,1.0,-0.0
28,-7.719999999999729,1.0,-0.0
29,-7.709999999999729,1.0,-0.0
30,-7.699999999999729,1.0,-0.0
31,-7.6899999999997295,1.0,-0.0
32,-7.67999999999973,1.0,-0.0
33,-7.66999999999973,1.0,-0.0
34,-7.65999999999973,1.0,-0.0
35,-7.64999999999973,1.0,-0.0
36,-7.639999999999731,1.0,-0.0
37,-7.629999999999731,1.0,-0.0
38,-7.619999999999731,1.0,-0.0
39,-7.609999999999731,1.0,-0.0
40,-7.599999999999731,1.0,-0.0
41,-7.589999999999732,1.0,-0.0
42,-7.579999999999732,1.0,-0.0
43,-7.569999999999732,1.0,-0.0
44,-7.559999999999732,1.0,-0.0
45,-7.5499999999997325,1.0,-0.0
46,-7.539999999999733,1.0,-0.0
47,-7.529999999999733,1.0,-0.0
48,-7.519999999999733,1.0,-0.0
49,-7.509999999999733,1.0,-0.0
50,-7.4999999999997335,1.0,-0.0
51,-7.489999999999734,1.0,-0.0
52,-7.479999999999734,1.0,-0.0
53,-7.469999999999734,1.0,-0.0
54,-7.459999999999734,1.0,-0.0
55,-7.449999999999735,1.0,-0.0
56,-7.439999999999735,1.0,-0.0
57,-7.429999999999735,1.0,-0.0
58,-7.419999999999735,1.0,-0.0
59,-7.4099999999997355,1.0,-0.0
60,-7.399999999999736,1.0,-0.0
61,-7.389999999999736,1.0,-0.0
62,-7.379999999999736,1.0,-0.0
63,-7.369999999999736,1.0,-0.0
64,-7.3599999999997365,1.0,-0.0
65,-7.349999999999737,1.0,-0.0
66,-7.339999999999737,1.0,-0.0
67,-7.329999999999737,1.0,-0.0
68,-7.319999999999737,1.0,-0.0
69,-7.309999999999738,1.0,-0.0
70,-7.299999999999738,1.0,-0.0
71,-7.289999999999738,1.0,-0.0
72,-7.279999999999738,1.0,-0.0
73,-7.2699999999997384,1.0,-0.0
74,-7.259999999999739,1.0,-0.0
75,-7.249999999999739,1.0,-0.0
76,-7.239999999999739,1.0,-0.0
77,-7.229999999999739,1.0,-0.0
78,-7.2199999999997395,1.0,-0.0
79,-7.20999999999974,1.0,-0.0
80,-7.19999999999974,1.0,-0.0
81,-7.18999999999974,1.0,-0.0
82,-7.17999999999974,1.0,-0.0
83,-7.169999999999741,1.0,-0.0
84,-7.159999999999741,1.0,-0.0
85,-7.149999999999741,1.0,-0.0
86,-7.139999999999741,1.0,-0.0
87,-7.129999999999741,1.0,-0.0
88,-7.119999999999742,1.0,-0.0
89,-7.109999999999742,1.0,-0.0
90,-7.099999999999742,1.0,-0.0
91,-7.089999999999742,1.0,-0.0
92,-7.0799999999997425,1.0,-0.0
93,-7.069999999999743,1.0,-0.0
94,-7.059999999999743,1.0,-0.0
95,-7.049999999999743,1.0,-0.0
96,-7.039999999999743,1.0,-0.0
97,-7.029999999999744,1.0,-0.0
98,-7.019999999999744,1.0,-0.0
99,-7.009999999999744,1.0,-0.0
100,-6.999999999999744,1.0,-0.0
101,-6.989999999999744,1.0,-0.0
102,-6.979999999999745,1.0,-0.0
103,-6.969999999999745,1.0,-0.0
104,-6.959999999999745,1.0,-0.0
105,-6.949999999999745,1.0,-0.0
106,-6.9399999999997455,1.0,-0.0
107,-6.929999999999746,1.0,-0.0
108,-6.919999999999746,1.0,-0.0
109,-6.909999999999746,1.0,-0.0
110,-6.899999999999746,1.0,-0.0
111,-6.8899999999997465,1.0,-0.0
112,-6.879999999999747,1.0,-0.0
113,-6.869999999999747,1.0,-0.0
114,-6.859999999999747,1.0,-0.0
115,-6.849999999999747,1.0,-0.0
116,-6.839999999999748,1.0,-0.0
117,-6.829999999999748,1.0,-0.0
118,-6.819999999999748,1.0,-0.0
119,-6.809999999999748,1.0,-0.0
120,-6.7999999999997485,1.0,-0.0
121,-6.789999999999749,1.0,-0.0
122,-6.779999999999749,1.0,-0.0
123,-6.769999999999749,1.0,-0.0
124,-6.759999999999749,1.0,-0.0
125,-6.7499999999997495,1.0,-0.0
126,-6.73999999999975,1.0,-0.0
127,-6.72999999999975,1.0,-0.0
128,-6.71999999999975,1.0,-0.0
129,-6.70999999999975,1.0,-0.0
130,-6.699999999999751,1.0,-0.0
131,-6.689999999999751,1.0,-0.0
132,-6.679999999999751,1.0,-0.0
133,-6.669999999999751,1.0,-0.0
134,-6.6599999999997515,1.0,-0.0
135,-6.649999999999752,1.0,-0.0
136,-6.639999999999752,1.0,-0.0
137,-6.629999999999752,1.0,-0.0
138,-6.619999999999752,1.0,-0.0
139,-6.6099999999997525,1.0,-0.0
140,-6.599999999999753,1.0,-0.0
141,-6.589999999999753,1.0,-0.0
142,-6.579999999999753,1.0,-0.0
143,-6.569999999999753,1.0,-0.0
144,-6.559999999999754,1.0,-0.0
145,-6.549999999999754,1.0,-0.0
146,-6.539999999999754,1.0,-0.0
147,-6.529999999999754,1.0,-0.0
148,-6.519999999999754,1.0,-0.0
149,-6.509999999999755,1.0,-0.0
150,-6.499999999999755,1.0,-0.0
151,-6.489999999999755,1.0,-0.0
152,-6.479999999999755,1.0,-0.0
153,-6.4699999999997555,1.0,-0.0
154,-6.459999999999756,1.0,-0.0
155,-6.449999999999756,1.0,-0.0
156,-6.439999999999756,1.0,-0.0
157,-6.429999999999756,1.0,-0.0
158,-6.419999999999757,1.0,-0.0
159,-6.409999999999757,1.0,-0.0
160,-6.399999999999757,1.0,-0.0
161,-6.389999999999757,1.0,-0.0
162,-6.379999999999757,1.0,-0.0
163,-6.369999999999758,1.0,-0.0
164,-6.359999999999758,1.0,-0.0
165,-6.349999999999758,1.0,-0.0
166,-6.339999999999758,1.0,-0.0
167,-6.3299999999997585,1.0,-0.0
168,-6.319999999999759,1.0,-0.0
169,-6.309999999999759,1.0,-0.0
170,-6.299999999999759,1.0,-0.0
171,-6.289999999999759,1.0,-0.0
172,-6.2799999999997596,1.0,-0.0
173,-6.26999999999976,1.0,-0.0
174,-6.25999999999976,1.0,-0.0
175,-6.24999999999976,1.0,-0.0
176,-6.23999999999976,1.0,-0.0
177,-6.229999999999761,1.0,-0.0
178,-6.219999999999761,1.0,-0.0
179,-6.209999999999761,1.0,-0.0
180,-6.199999999999761,1.0,-0.0
181,-6.1899999999997615,1.0,-0.0
182,-6.179999999999762,1.0,-0.0
183,-6.169999999999762,1.0,-0.0
184,-6.159999999999762,1.0,-0.0
185,-6.149999999999762,1.0,-0.0
186,-6.1399999999997625,1.0,-0.0
187,-6.129999999999763,1.0,-0.0
188,-6.119999999999763,1.0,-0.0
189,-6.109999999999763,1.0,-0.0
190,-6.099999999999763,1.0,-0.0
191,-6.089999999999764,1.0,-0.0
192,-6.079999999999764,1.0,-0.0
193,-6.069999999999764,1.0,-0.0
194,-6.059999999999764,1.0,-0.0
195,-6.0499999999997645,1.0,-0.0
196,-6.039999999999765,1.0,-0.0
197,-6.029999999999765,1.0,-0.0
198,-6.019999999999765,1.0,-0.0
199,-6.009999999999765,1.0,-0.0
200,-5.9999999999997655,1.0,-0.0
201,-5.989999999999766,1.0,-0.0
202,-5.979999999999766,1.0,-0.0
203,-5.969999999999766,1.0,-0.0
204,-5.959999999999766,1.0,-0.0
205,-5.949999999999767,1.0,-0.0
206,-5.939999999999767,1.0,-0.0
207,-5.929999999999767,1.0,-0.0
208,-5.919999999999767,1.0,-0.0
209,-5.909999999999767,1.0,-0.0
210,-5.899999999999768,1.0,-0.0
211,-5.889999999999768,1.0,-0.0
212,-5.879999999999768,1.0,-0.0
213,-5.869999999999768,1.0,-0.0
214,-5.8599999999997685,1.0,-0.0
215,-5.849999999999769,1.0,-0.0
216,-5.839999999999769,1.0,-0.0
217,-5.829999999999769,1.0,-0.0
218,-5.819999999999769,1.0,-0.0
219,-5.80999999999977,1.0,-0.0
220,-5.79999999999977,1.0,-0.0
221,-5.78999999999977,1.0,-0.0
222,-5.77999999999977,1.0,-0.0
223,-5.76999999999977,1.0,-0.0
224,-5.759999999999771,1.0,-0.0
225,-5.749999999999771,1.0,-0.0
226,-5.739999999999771,1.0,-0.0
227,-5.729999999999771,1.0,-0.0
228,-5.7199999999997715,1.0,-0.0
229,-5.709999999999772,1.0,-0.0
230,-5.699999999999772,1.0,-0.0
231,-5.689999999999772,1.0,-0.0
232,-5.679999999999772,1.0,-0.0
233,-5.6699999999997726,1.0,-0.0
234,-5.659999999999773,1.0,-0.0
235,-5.649999999999773,1.0,-0.0
236,-5.639999999999773,1.0,-0.0
237,-5.629999999999773,1.0,-0.0
238,-5.619999999999774,1.0,-0.0
239,-5.609999999999774,1.0,-0.0
240,-5.599999999999774,1.0,-0.0
241,-5.589999999999774,1.0,-0.0
242,-5.5799999999997745,1.0,-0.0
243,-5.569999999999775,1.0,-0.0
244,-5.559999999999775,1.0,-0.0
245,-5.549999999999775,1.0,-0.0
246,-5.539999999999775,1.0,-0.0
247,-5.5299999999997755,1.0,-0.0
248,-5.519999999999776,1.0,-0.0
249,-5.509999999999776,1.0,-0.0
250,-5.499999999999776,1.0,-0.0
251,-5.489999999999776,1.0,-0.0
252,-5.479999999999777,1.0,-0.0
253,-5.469999999999777,1.0,-0.0
254,-5.459999999999777,1.0,-0.0
255,-5.449999999999777,1.0,-0.0
256,-5.4399999999997775,1.0,-0.0
257,-5.429999999999778,1.0,-0.0
258,-5.419999999999778,1.0,-0.0
259,-5.409999999999778,1.0,-0.0
260,-5.399999999999778,0.9999999997131644,2.8683557496987127e-08
261,-5.3899999999997785,0.9999989619878681,0.00010377255775077742
262,-5.379999999999779,0.9999969931493929,0.0001968839008270871
263,-5.369999999999779,0.999995083005981,0.00019101439294532177
264,-5.359999999999779,0.9999930722249057,0.00020107816197169933
265,-5.349999999999779,0.9999909519344071,0.00021202910729277384
266,-5.33999999999978,0.9999887167201885,0.0002235214823961198
267,-5.32999999999978,0.9999863616559276,0.00023550648987021098
268,-5.31999999999978,0.9999838818470987,0.00024798095005054016
269,-5.30999999999978,0.9999812723117169,0.0002609536088622491
270,-5.29999999999978,0.9999785279374565,0.00027443750035979184
271,-5.289999999999781,0.9999756434617917,0.00028844764459412444
272,-5.279999999999781,0.9999726134604767,0.000303000213567982
273,-5.269999999999781,0.9999694323394421,0.00031811218961697165
274,-5.259999999999781,0.9999660943282259,0.00033380121202393205
275,-5.2499999999997815,0.9999625934741146,0.00035008550594579137
276,-5.239999999999782,0.9999589236366143,0.00036698384942041045
277,-5.229999999999782,0.9999550784820808,0.0003845155574955077
278,-5.219999999999782,0.9999510514783841,0.0004027004787270244
279,-5.209999999999782,0.9999468358895686,0.0004215589957302977
280,-5.199999999999783,0.9999424247704717,0.0004411120291449103
281,-5.189999999999783,0.9999378109612765,0.00046138104447995083
282,-5.179999999999783,0.9999329870819846,0.0004823880598428264
283,-5.169999999999783,0.9999279455268238,0.0005041556526141795
284,-5.159999999999783,0.9999226784585539,0.0005267069696512602
285,-5.149999999999784,0.9999171778026799,0.0005500657363727747
286,-5.139999999999784,0.9999114352415728,0.0005742562662385915
287,-5.129999999999784,0.9999054422085066,0.0005993034689157736
288,-5.119999999999784,0.9998991898815951,0.000625232860491454
289,-5.1099999999997845,0.9998926691776053,0.0006520705755780638
290,-5.099999999999785,0.9998858707457072,0.0006798433739351014
291,-5.089999999999785,0.9998787849610972,0.0007085786529241955
292,-5.079999999999785,0.9998714019185494,0.0007383044547261719
293,-5.069999999999785,0.9998637114258601,0.0007690494772137217
294,-5.059999999999786,0.9998557029971655,0.000800843086358813
295,-5.049999999999786,0.9998473658461925,0.0008337153230932607
296,-5.039999999999786,0.9998386888794083,0.00086769691341701
297,-5.029999999999786,0.9998296606890443,0.0009028192809058903
298,-5.019999999999786,0.9998202695460656,0.0009391145522135092
299,-5.009999999999787,0.9998105033930275,0.0009766155683180134
300,-4.999999999999787,0.999800349836799,0.0010153558978386239
301,-4.989999999999787,0.999789796141234,0.001055369842333305
302,-4.979999999999787,0.9997788292197365,0.0010966924467668707
303,-4.9699999999997875,0.9997674356277395,0.0011393595082789202
304,-4.959999999999788,0.9997556015550519,0.0011834075892622354
305,-4.949999999999788,0.9997433128181762,0.0012288740203891698
306,-4.939999999999788,0.999730554852503,0.0012757969128491852
307,-4.929999999999788,0.9997173127043874,0.0013242151702051723
308,-4.9199999999997885,0.9997035710231945,0.001374168491446564
309,-4.909999999999789,0.9996893140532115,0.0014256973844333901
310,-4.899999999999789,0.9996745256254963,0.0014788431720406069
311,-4.889999999999789,0.9996591891496709,0.001533647997908945
312,-4.879999999999789,0.9996432876055766,0.0015901548400847026
313,-4.86999999999979,0.9996268035348448,0.0016484075196285654
314,-4.85999999999979,0.9996097190325115,0.0017084506960287661
315,-4.84999999999979,0.9995920157384228,0.0017703298883354958
316,-4.83999999999979,0.9995736748285977,0.001834091479237113
317,-4.8299999999997905,0.9995546770065621,0.001899782718078801
318,-4.819999999999791,0.9995350024945685,0.0019674517322133254
319,-4.809999999999791,0.999514631024799,0.002037147528664634
320,-4.799999999999791,0.9994935418304502,0.00210892000603175
321,-4.789999999999791,0.999471713636825,0.002182819953700627
322,-4.7799999999997915,0.9994491246523138,0.002258899062897743
323,-4.769999999999792,0.9994257525592976,0.002337209934620516
324,-4.759999999999792,0.9994015745050571,0.0024178060788638146
325,-4.749999999999792,0.9993765670927119,0.0025007419117835175
326,-4.739999999999792,0.9993507063719221,0.002586072779376839
327,-4.729999999999793,0.999323967829658,0.002673854950570499
328,-4.719999999999793,0.9992963263809607,0.0027641456183516325
329,-4.709999999999793,0.9992677563595913,0.002857002910700072
330,-4.699999999999793,0.9992382315087379,0.002952485884959372
331,-4.6899999999997934,0.9992077249716123,0.003050654538776644
332,-4.679999999999794,0.9991762092821007,0.0031515698047027323
333,-4.669999999999794,0.9991436563553362,0.003255293558084081
334,-4.659999999999794,0.9991100374783308,0.0033618886110556583
335,-4.649999999999794,0.9990753233005184,0.003471418721408693
336,-4.6399999999997945,0.9990394838242802,0.0035839485944609063
337,-4.629999999999795,0.9990024883955457,0.0036995438754001886
338,-4.619999999999795,0.9989643056944975,0.0038182711389382834
339,-4.609999999999795,0.998924903726128,0.003940197904085652
340,-4.599999999999795,0.9988842498106592,0.004065392647916788
341,-4.589999999999796,0.998842310574373,0.004193924764462286
342,-4.579999999999796,0.9987990519402378,0.004325864585105027
343,-4.569999999999796,0.9987544391184843,0.004461283383608305
344,-4.559999999999796,0.998708436597495,0.0046002533448311084
345,-4.549999999999796,0.9986610081344609,0.004742847587922932
346,-4.539999999999797,0.9986121167462183,0.00488914014839288
347,-4.529999999999797,0.9985617247002174,0.005039205964859923
348,-4.519999999999797,0.9985097935053024,0.0051931208979522124
349,-4.509999999999797,0.998456283902839,0.005350961695554316
350,-4.4999999999997975,0.998401155857812,0.005512805995745056
351,-4.489999999999798,0.9983443685498288,0.005678732336296995
352,-4.479999999999798,0.9982858803644376,0.005848820123179412
353,-4.469999999999798,0.9982256488844299,0.006023149632021832
354,-4.459999999999798,0.9981636308813457,0.006201801988049823
355,-4.449999999999799,0.9980997823071232,0.006384859151479399
356,-4.439999999999799,0.9980340582855337,0.006572403938957176
357,-4.429999999999799,0.9979664131038593,0.006764519999488043
358,-4.419999999999799,0.9978968002050483,0.006961291766427024
359,-4.409999999999799,0.9978251721797075,0.00716280447400268
360,-4.3999999999998,0.9977514807580175,0.007369144164799538
361,-4.3899999999998,0.9976756768022712,0.007580397627636806
362,-4.3799999999998,0.9975977102994106,0.007796652397638881
363,-4.3699999999998,0.9975175303533742,0.008017996775165149
364,-4.3599999999998005,0.9974350851780405,0.008244519766246733
365,-4.349999999999801,0.9973503220903667,0.008476311063030251
366,-4.339999999999801,0.997263187503339,0.00871346106263947
367,-4.329999999999801,0.9971736269192502,0.008956060834479383
368,-4.319999999999801,0.9970815849233515,0.009204202082645673
369,-4.3099999999998015,0.9969870051775952,0.00945797713716558
370,-4.299999999999802,0.996889830414503,0.009717478941022772
371,-4.289999999999802,0.9967900024316415,0.009982800989797713
372,-4.279999999999802,0.9966874620860342,0.010254037337844354
373,-4.269999999999802,0.9965821492884537,0.01053128261026574
374,-4.259999999999803,0.9964740029982193,0.01081463195238988
375,-4.249999999999803,0.9963629612187117,0.011104180958124892
376,-4.239999999999803,0.9962489609929117,0.01140002566748404
377,-4.229999999999803,0.99613193839872,0.011702262588520676
378,-4.2199999999998035,0.9960118285447735,0.012010988647602146
379,-4.209999999999804,0.9958885655669935,0.01232630111636674
380,-4.199999999999804,0.9957620826252518,0.01264829759971926
381,-4.189999999999804,0.9956323118998764,0.012977076052133468
382,-4.179999999999804,0.9954991845885879,0.013312734734370222
383,-4.1699999999998045,0.9953626309042843,0.013655372128664823
384,-4.159999999999805,0.9952225800730002,0.01400508692143026
385,-4.149999999999805,0.995078960331623,0.014361978027401705
386,-4.139999999999805,0.9949316989262157,0.014726144529044524
387,-4.129999999999805,0.9947807221108924,0.015097685621261788
388,-4.119999999999806,0.9946259551470151,0.015476700579315468
389,-4.109999999999806,0.9944673223026262,0.015863288735159162
390,-4.099999999999806,0.994304746852079,0.016257549457795006
391,-4.089999999999806,0.9941381510765807,0.016659582061772985
392,-4.0799999999998064,0.9939674562650901,0.0170694857720163
393,-4.069999999999807,0.9937925827148345,0.01748735976168877
394,-4.059999999999807,0.9936134497324759,0.017913303087352048
395,-4.049999999999807,0.9934299756357043,0.018347414646219338
396,-4.039999999999807,0.9932420777557174,0.01878979308757604
397,-4.0299999999998075,0.9930496724403315,0.019240536749538142
398,-4.019999999999808,0.9928526750566421,0.0196997437042518
399,-4.009999999999808,0.9926509999941315,0.02016751171305072
400,-3.999999999999808,0.9924445606684029,0.020643938163896314
401,-3.9899999999998084,0.9922332695256623,0.021129119996495492
402,-3.9799999999998086,0.9920170380479745,0.02162315362501232
403,-3.969999999999809,0.9917957767582284,0.0221261349670673
404,-3.959999999999809,0.9915693952254138,0.022638159412595275
405,-3.949999999999809,0.9913378020706074,0.02315932175291687
406,-3.9399999999998094,0.9911009049736389,0.023689716112789555
407,-3.9299999999998096,0.9908586106807071,0.02422943585527089
408,-3.91999999999981,0.9906108250117426,0.024778573607281244
409,-3.90999999999981,0.9903574528679302,0.02533722124336505
410,-3.8999999999998103,0.9900983982401687,0.025905469792181918
411,-3.8899999999998105,0.9898335642180652,0.026483409382895354
412,-3.8799999999998107,0.9895628529996796,0.027071129170276684
413,-3.869999999999811,0.9892861659014626,0.027668717315260626
414,-3.859999999999811,0.9890034033684789,0.028276260956479077
415,-3.8499999999998114,0.9887144649852427,0.028893846148986355
416,-3.8399999999998116,0.9884192494870689,0.029521557812760713
417,-3.8299999999998118,0.988117654772767,0.030159479598334746
418,-3.819999999999812,0.987809577917135,0.030807693906910287
419,-3.809999999999812,0.9874949151832266,0.03146628191290279
420,-3.7999999999998124,0.9871735620358563,0.03213532344030108
421,-3.7899999999998126,0.9868454131555616,0.03281489691677516
422,-3.779999999999813,0.9865103624528495,0.03350507934546474
423,-3.769999999999813,0.9861683030841256,0.034205946136443496
424,-3.7599999999998133,0.9858191274676112,0.03491757110822705
425,-3.7499999999998135,0.9854627272985919,0.03564002655438601
426,-3.7399999999998137,0.9850989935659572,0.03637338311453736
427,-3.729999999999814,0.9847278165693198,0.037117709716385276
428,-3.719999999999814,0.9843490859362266,0.03787307356655674
429,-3.7099999999998143,0.9839626906412632,0.038639539961150826
430,-3.6999999999998145,0.9835685190253523,0.03941717226651452
431,-3.6899999999998148,0.9831664588140118,0.040206032023122965
432,-3.679999999999815,0.9827563971368941,0.04100617881753338
433,-3.669999999999815,0.9823382205480893,0.04181767020602738
434,-3.6599999999998154,0.9819118150467943,0.04264056167793129
435,-3.6499999999998156,0.9814770660988434,0.04347490656946319
436,-3.639999999999816,0.9810338586587448,0.04432075601334129
437,-3.629999999999816,0.9805820771917578,0.045178158934383594
438,-3.6199999999998163,0.9801216056966169,0.04604716198513478
439,-3.6099999999998165,0.9796523277288571,0.04692780948550319
440,-3.5999999999998167,0.9791741264240074,0.04782014343619207
441,-3.589999999999817,0.9786868845225563,0.048724203341168025
442,-3.579999999999817,0.9781904843958775,0.04964002611196738
443,-3.5699999999998173,0.9776848080706356,0.05056764621950531
444,-3.5599999999998175,0.97716973725385,0.05150709562833054
445,-3.5499999999998177,0.9766451533591707,0.0524584036753338
446,-3.539999999999818,0.9761109375336172,0.053421597023613904
447,-3.529999999999818,0.975566970684621,0.0543966996319813
448,-3.5199999999998184,0.975013133506832,0.05538373277854981
449,-3.5099999999998186,0.9744493065117487,0.05638271477858368
450,-3.499999999999819,0.9738753700572202,0.05739366099686179
451,-3.489999999999819,0.973291204374833,0.05841658405978927
452,-3.4799999999998192,0.9726966895989777,0.05945149368687449
453,-3.4699999999998195,0.9720917057966733,0.0604983966153258
454,-3.4599999999998197,0.9714761329977942,0.061557296559574225
455,-3.44999999999982,0.9708498512252496,0.06262819421617195
456,-3.43999999999982,0.9702127405258095,0.06371108719897492
457,-3.4299999999998203,0.9695646810031657,0.06480596981589241
458,-3.4199999999998205,0.9689055528497476,0.06591283319311701
459,-3.4099999999998207,0.9682352363774619,0.06703166538287053
460,-3.399999999999821,0.9675536120501534,0.06816245119139683
461,-3.389999999999821,0.9668605605164513,0.06930517214024379
462,-3.3799999999998214,0.9661559626429375,0.07045980643415016
463,-3.3699999999998216,0.9654396995471182,0.07162632898061565
464,-3.359999999999822,0.9647116526317506,0.072804711254576
465,-3.349999999999822,0.9639717036198282,0.07399492123241307
466,-3.3399999999998222,0.9632197345883345,0.07519692351507443
467,-3.3299999999998224,0.9624556280024309,0.07641067928480412
468,-3.3199999999998226,0.9616792667503901,0.07763614623041877
469,-3.309999999999823,0.9608905341787777,0.07887327852262836
470,-3.299999999999823,0.9600893141276805,0.08012202680931016
471,-3.2899999999998233,0.9592754909655419,0.0813823382547884
472,-3.2799999999998235,0.9584489496266475,0.08265415627479351
473,-3.2699999999998237,0.957609575648064,0.08393742059126241
474,-3.259999999999824,0.9567572552042306,0.08523206746688557
475,-3.249999999999824,0.9558918751430999,0.08653802955031036
476,-3.2399999999998244,0.9550133230227268,0.0878552358312943
477,-3.2299999999998246,0.9541214871479967,0.08918361162676136
478,-3.219999999999825,0.9532162566074788,0.09052307856830533
479,-3.209999999999825,0.9522975213103814,0.09187355459201706
480,-3.199999999999825,0.9513651720233318,0.09323495395593615
481,-3.1899999999998254,0.9504191004078071,0.09460718717509801
482,-3.1799999999998256,0.9494591990577788,0.09599016100001849
483,-3.169999999999826,0.948485361536649,0.09738377848760096
484,-3.159999999999826,0.9474974824143435,0.0987879389854486
485,-3.1499999999998263,0.946495457304613,0.10020253811107507
486,-3.1399999999998265,0.945479182902379,0.10162746774735089
487,-3.1299999999998267,0.944448557021058,0.10306261604472525
488,-3.119999999999827,0.9434034786298093,0.10450786742890253
489,-3.109999999999827,0.9423438478907443,0.10596310260467812
490,-3.0999999999998273,0.9412695661959858,0.10742819857082163
491,-3.0899999999998276,0.940180536205049,0.10890302858807717
492,-3.0799999999998278,0.9390766618819735,0.11038746220399104
493,-3.069999999999828,0.9379578485319184,0.11188136530652648
494,-3.059999999999828,0.9368240028378947,0.11338460011051515
495,-3.0499999999998284,0.9356750328973936,0.11489702516786979
496,-3.0399999999998286,0.9345108482590531,0.11641849536387708
497,-3.029999999999829,0.9333313599590418,0.11794886194542234
498,-3.019999999999829,0.9321364805570576,0.11948797255956628
499,-3.0099999999998293,0.9309261241724229,0.12103567124376394
500,-2.9999999999998295,0.9297002065200588,0.12259179843816595
501,-2.9899999999998297,0.9284586449449913,0.12415619113219367
502,-2.97999999999983,0.9272013584575027,0.12572868280016844
503,-2.96999999999983,0.9259282677691232,0.12730910331730239
504,-2.9599999999998303,0.9246392953267487,0.1288972791469105
505,-2.9499999999998305,0.9233343653466292,0.1304930333536146
506,-2.9399999999998307,0.9220134038509182,0.13209618534692352
507,-2.929999999999831,0.9206763387010859,0.1337065511952229
508,-2.919999999999831,0.9193230996286594,0.13532394389265193
509,-2.9099999999998314,0.917953618269002,0.13694817305565724
510,-2.8999999999998316,0.9165678281940276,0.1385790450290407
511,-2.889999999999832,0.9151656649420896,0.14021636316883246
512,-2.879999999999832,0.9137470660506517,0.14185992756397398
513,-2.8699999999998322,0.9123119710901343,0.14350953491867602
514,-2.8599999999998325,0.910860321694328,0.14516497889590085
515,-2.8499999999998327,0.9093920615909871,0.1468260500992538
516,-2.839999999999833,0.9079071366328552,0.14849253602967905
517,-2.829999999999833,0.9064054948264496,0.15016422130979673
518,-2.8199999999998333,0.9048870863599413,0.15184088777415033
519,-2.8099999999998335,0.90335186363165,0.15352231440784597
520,-2.7999999999998337,0.9017997812780119,0.15520827739913465
521,-2.789999999999834,0.9002307962009993,0.15689855019435303
522,-2.779999999999834,0.8986448675949764,0.1585929035542756
523,-2.7699999999998344,0.8970419569729773,0.16029110561183169
524,-2.7599999999998346,0.8954220281923941,0.16199292193113946
525,-2.749999999999835,0.8937850474800616,0.16369811556789446
526,-2.739999999999835,0.8921309834567246,0.1654064471310203
527,-2.7299999999998352,0.8904598071608764,0.16711767484559187
528,-2.7199999999998354,0.8887714920715168,0.16883155466090247
529,-2.7099999999998357,0.8870660141291173,0.17054784042971338
530,-2.699999999999836,0.8853433517604059,0.17226628352630807
531,-2.689999999999836,0.8836034859014112,0.17398663302057096
532,-2.6799999999998363,0.8818464000153908,0.17570863618951507
533,-2.6699999999998365,0.8800720801122729,0.17743203836602175
534,-2.6599999999998367,0.8782805147677777,0.1791565829708082
535,-2.649999999999837,0.8764716951418192,0.18088201158444686
536,-2.639999999999837,0.8746456149961759,0.18260806402038768
537,-2.6299999999998374,0.8728022707114228,0.18433447839893286
538,-2.6199999999998376,0.8709416613031135,0.18606099122215614
539,-2.609999999999838,0.869063788437204,0.1877873374497241
540,-2.599999999999838,0.8671686564447103,0.18951325057556812
541,-2.589999999999838,0.8652562723355909,0.19123846270538147
542,-2.5799999999998384,0.8633266458118166,0.19296270463784598
543,-2.5699999999998386,0.8613797892785587,0.1946857060528523
544,-2.559999999999839,0.8594157178566544,0.19640719538374513
545,-2.549999999999839,0.8574344493951105,0.19812689981344028
546,-2.5399999999998393,0.8554360044800059,0.19984454563470172
547,-2.5299999999998395,0.8534204064428296,0.20155985830644096
548,-2.5199999999998397,0.8513876813687477,0.20327256246085584
549,-2.50999999999984,0.8493378581040427,0.20498238198622537
550,-2.49999999999984,0.8472709682627204,0.20668904011017786
551,-2.4899999999998403,0.8451870462322786,0.20839225948342255
552,-2.4799999999998406,0.8430861291786348,0.21009176226390175
553,-2.4699999999998408,0.8409682570502091,0.2117872702012913
554,-2.459999999999841,0.8388334725811581,0.21347850472184932
555,-2.449999999999841,0.8366818212937581,0.21516518701355375
556,-2.4399999999998414,0.834513351499934,0.21684703811147843
557,-2.4299999999998416,0.8323281143017044,0.218523779006137
558,-2.419999999999842,0.8301261635908787,0.22019513071839386
559,-2.409999999999842,0.8279075560487341,0.22186081430141114
560,-2.3999999999998423,0.8256723511442211,0.2235205509877533
561,-2.3899999999998425,0.8234206111306863,0.22517406233775045
562,-2.3799999999998427,0.8211524010422389,0.22682107027509196
563,-2.369999999999843,0.8188677886892687,0.22846129717158797
564,-2.359999999999843,0.8165668446531064,0.23009446593311028
565,-2.3499999999998433,0.8142496422798248,0.2317203000853696
566,-2.3399999999998435,0.8119162576731835,0.23333852385959558
567,-2.3299999999998438,0.8095667696867195,0.23494886227801298
568,-2.319999999999844,0.8072012599149843,0.2365510412390595
569,-2.309999999999844,0.8048198126839323,0.23814478760235125
570,-2.2999999999998444,0.8024225150404635,0.23972982927333436
571,-2.2899999999998446,0.8000094567411524,0.241305895284398
572,-2.279999999999845,0.7975807302402689,0.2428727158660035
573,-2.269999999999845,0.7951364306765111,0.24443002257518442
574,-2.2599999999998452,0.7926766558590089,0.24597754836874625
575,-2.2499999999998455,0.7902015062529728,0.24751502763852712
576,-2.2399999999998457,0.7877110849642963,0.24904219631617514
577,-2.229999999999846,0.7852054977232873,0.2505587919601801
578,-2.219999999999846,0.7826848528675919,0.25206455383662285
579,-2.2099999999998463,0.7801492613243182,0.2535592229992542
580,-2.1999999999998465,0.7775988365913655,0.25504254236888985
581,-2.1899999999998467,0.7750336947179666,0.25651425681209317
582,-2.179999999999847,0.7724539542844515,0.25797411321907826
583,-2.169999999999847,0.76985973638124,0.2594218605808274
584,-2.1599999999998474,0.7672511645870702,0.26085725006539523
585,-2.1499999999998476,0.7646283649464956,0.2622800350912183
586,-2.139999999999848,0.7619914659487751,0.26368997118765836
587,-2.129999999999848,0.7593405985023369,0.2650868164377346
588,-2.1199999999998482,0.756675895906213,0.2664703317810199
589,-2.1099999999998484,0.7539974938262644,0.2678402805345176
590,-2.0999999999998487,0.7513055302708477,0.26919642844859676
591,-2.089999999999849,0.7486001455639336,0.27053854396183463
592,-2.079999999999849,0.7458814823175394,0.27186639826946024
593,-2.0699999999998493,0.7431496854034901,0.27317976539068534
594,-2.0599999999998495,0.740404901924516,0.2744784222348806
595,-2.0499999999998497,0.7376472811847012,0.2757621486666084
596,-2.03999999999985,0.7348769746592938,0.27703072756944946
597,-2.02999999999985,0.7320941359638887,0.2782839449086416
598,-2.0199999999998504,0.7292989208229975,0.2795215897924447
599,-2.0099999999998506,0.7264914870380171,0.28074345453227567
600,-1.9999999999998508,0.7236719944551968,0.2819493346428531
601,-1.989999999999851,0.7208406049330001,0.2831390289027125
602,-1.9799999999998512,0.7179974823061115,0.2843123396896685
603,-1.9699999999998514,0.7151427923505915,0.2854690728660819
604,-1.9599999999998516,0.7122767027507702,0.2866090376049568
605,-1.9499999999998519,0.7093993830639455,0.28773204660943463
606,-1.939999999999852,0.7065110046844988,0.2888379161711502
607,-1.9299999999998523,0.7036117408075168,0.2899264662194867
608,-1.9199999999998525,0.7007017663919367,0.290997520369371
609,-1.9099999999998527,0.6977812581232276,0.29205090596757244
610,-1.899999999999853,0.6948503943756228,0.29308645413758383
611,-1.8899999999998531,0.6919093551740243,0.294103999812545
612,-1.8799999999998533,0.6889583221561432,0.2951033817114701
613,-1.8699999999998536,0.6859974785323284,0.2960844425705489
614,-1.8599999999998538,0.6830270090451898,0.2970470291636246
615,-1.849999999999854,0.680047099930942,0.2979909921301982
616,-1.8399999999998542,0.6770579388795384,0.29891618609635406
617,-1.8299999999998544,0.6740597149941636,0.2998224697389168
618,-1.8199999999998546,0.6710526187504009,0.3007097058180114
619,-1.8099999999998548,0.6680368419550884,0.3015777612080772
620,-1.799999999999855,0.6650125777048823,0.30242650692729744
621,-1.7899999999998553,0.6619800203445406,0.30325581816547376
622,-1.7799999999998555,0.6589393654249454,0.30406557431013614
623,-1.7699999999998557,0.6558908096624431,0.3048556588148149
624,-1.759999999999856,0.6528345508954481,0.3056259594727134
625,-1.7499999999998561,0.6497707880386286,0.3063763686583926
626,-1.7399999999998563,0.6466997210411781,0.30710678291930027
627,-1.7299999999998565,0.643621550845515,0.3078171029329557
628,-1.7199999999998568,0.6405364793440091,0.3085072337041389
629,-1.709999999999857,0.6374447093355613,0.3091770845797509
630,-1.6999999999998572,0.6343464444820488,0.3098265692621144
631,-1.6899999999998574,0.6312418892646539,0.31045560582073084
632,-1.6799999999998576,0.6281312489400904,0.3110641167023781
633,-1.6699999999998578,0.6250147294967462,0.31165202873968123
634,-1.659999999999858,0.6218925376113797,0.31221927309552644
635,-1.6499999999998582,0.6187648806060295,0.31276578524193077
636,-1.6399999999998585,0.6156319664011176,0.3132915053404628
637,-1.6299999999998587,0.6124940034705331,0.3137963780444758
638,-1.6199999999998589,0.6093512007999901,0.3142803521713894
639,-1.609999999999859,0.6062037678431086,0.314743380930646
640,-1.5999999999998593,0.6030519144773506,0.31518542193801624
641,-1.5899999999998595,0.599895850959997,0.3156064372115991
642,-1.5799999999998597,0.5967357878841798,0.3160063931662793
643,-1.56999999999986,0.5935719361349843,0.3163852606067219
644,-1.5599999999998602,0.5904045068456363,0.3167430147188621
645,-1.5499999999998604,0.587233711354059,0.31707963503295467
646,-1.5399999999998606,0.5840597611623222,0.3173951051343521
647,-1.5299999999998608,0.580882867889241,0.3176894133484848
648,-1.519999999999861,0.5777032432229191,0.3179625527465535
649,-1.5099999999998612,0.5745210988815422,0.3182145203202785
650,-1.4999999999998614,0.5713366465717281,0.3184453172265067
651,-1.4899999999998617,0.5681500979456354,0.3186549489111401
652,-1.4799999999998619,0.5649616645582749,0.3188434250889799
653,-1.469999999999862,0.5617715578250353,0.31901075972219917
654,-1.4599999999998623,0.5585799889794385,0.31915697099751394
655,-1.4499999999998625,0.555387169031135,0.3192820813020719
656,-1.4399999999998627,0.5521933087241538,0.31938611719801724
657,-1.429999999999863,0.5489986185004355,0.31946910889419644
658,-1.4199999999998631,0.5458033084569538,0.3195310908873372
659,-1.4099999999998634,0.5426075882930534,0.3195721029403048
660,-1.3999999999998636,0.5394116672722238,0.3195921886386649
661,-1.3899999999998638,0.5362157541891681,0.31959139486106014
662,-1.379999999999864,0.5330200573296769,0.31956977249875673
663,-1.3699999999998642,0.5298247844308392,0.31952737642191864
664,-1.3599999999998644,0.5266301426416126,0.3194642654437363
665,-1.3499999999998646,0.523436338483762,0.3193805022834201
666,-1.3399999999998649,0.520243577813182,0.31927615352811967
667,-1.329999999999865,0.5170520657816068,0.319151289593822
668,-1.3199999999998653,0.5138620068015319,0.3190059844044246
669,-1.3099999999998655,0.5106736045150128,0.3188403150039959
670,-1.2999999999998657,0.5074870617411421,0.3186543636887723
671,-1.289999999999866,0.5043025804327688,0.31844821708321425
672,-1.2799999999998661,0.5011203616538585,0.31822196407563785
673,-1.2699999999998663,0.49794060554491426,0.3179756970123293
674,-1.2599999999998666,0.4947635112874746,0.3177095117897877
675,-1.2499999999998668,0.491589277069088,0.3174235078070242
676,-1.239999999999867,0.4884181000487733,0.31711778791702616
677,-1.2299999999998672,0.4852501763229737,0.3167924583774129
678,-1.2199999999998674,0.4820857008920103,0.3164476288003981
679,-1.2099999999998676,0.47892486762680797,0.3160834121256506
680,-1.1999999999998678,0.4757678692319213,0.3156999249902259
681,-1.189999999999868,0.472614897218664,0.3152972867182413
682,-1.1799999999998683,0.4694661418801147,0.31487561913324247
683,-1.1699999999998685,0.4663217922547537,0.3144350476950941
684,-1.1599999999998687,0.4631820360935704,0.3139757011529132
685,-1.149999999999869,0.46004705983033295,0.31349771122886616
686,-1.1399999999998691,0.4569170485523946,0.3130012125644954
687,-1.1299999999998693,0.45379218597203985,0.3124863426666957
688,-1.1199999999998695,0.4506726543983752,0.3119532418533022
689,-1.1099999999998698,0.44755863470976837,0.3114020531982453
690,-1.09999999999987,0.44445030632683813,0.310832922476445
691,-1.0899999999998702,0.4413478471794018,0.3102459987680939
692,-1.0799999999998704,0.4382514336808265,0.30964143371825514
693,-1.0699999999998706,0.4351612407209387,0.3090193796810359
694,-1.0599999999998708,0.43207744163994133,0.308379991618829
695,-1.049999999999871,0.42900020819151874,0.3077234281835317
696,-1.0399999999998712,0.4259297105193549,0.3070498503752239
697,-1.0299999999998715,0.4228661171343208,0.30635942147526074
698,-1.0199999999998717,0.41980959489220754,0.3056523069916772
699,-1.009999999999872,0.41676030897200633,0.30492867460448214
700,-0.9999999999998721,0.4137184228547357,0.3041886941110128
701,-0.9899999999998723,0.41068409830018615,0.30343253763411293
702,-0.9799999999998725,0.40765749531783446,0.30266038020520525
703,-0.9699999999998727,0.40463877216977745,0.3018723965623249
704,-0.959999999999873,0.40162808535831174,0.30106876268554683
705,-0.9499999999998732,0.39862558958690625,0.3002496584576908
706,-0.9399999999998734,0.3956314377442279,0.2994152653589932
707,-0.9299999999998736,0.39264578088726254,0.29856576655761247
708,-0.9199999999998738,0.3896687682250031,0.2977013468529077
709,-0.909999999999874,0.3867005471027046,0.29682219261872866
710,-0.8999999999998742,0.38374126298670613,0.295928491746672
711,-0.8899999999998744,0.38079105944453356,0.2950204341181484
712,-0.8799999999998747,0.3778500781276341,0.2940982113410706
713,-0.8699999999998749,0.3749184587770879,0.2931620144522029
714,-0.8599999999998751,0.37199633921323794,0.2922120355252855
715,-0.8499999999998753,0.36908385530835974,0.2912484693671502
716,-0.8399999999998755,0.36618114097460547,0.29027151199016443
717,-0.8299999999998757,0.36328832815304335,0.2892813605027855
718,-0.8199999999998759,0.36040554680325393,0.2882782130538275
719,-0.8099999999998762,0.35753292489348293,0.28726226877684446
720,-0.7999999999998764,0.3546705883913468,0.28623372773478595
721,-0.7899999999998766,0.3518186612509597,0.2851927912779717
722,-0.7799999999998768,0.3489772654003861,0.28413966201139007
723,-0.769999999999877,0.3461465207511803,0.2830745415861535
724,-0.7599999999998772,0.3433265451953352,0.2819976319584194
725,-0.7499999999998774,0.3405174545847161,0.2809091371410166
726,-0.7399999999998776,0.3377193627244986,0.2798092618029713
727,-0.7299999999998779,0.33493238136790177,0.2786982111400049
728,-0.7199999999998781,0.33215662021145137,0.277576190821488
729,-0.7099999999998783,0.32939218689077093,0.27644340693768754
730,-0.6999999999998785,0.3266391869768957,0.2753000659475202
731,-0.6899999999998787,0.32389772397027566,0.27414637490953964
732,-0.6799999999998789,0.32116789929357875,0.2729825416020293
733,-0.6699999999998791,0.3184498123030705,0.27180877266526626
734,-0.6599999999998793,0.3157435602916059,0.2706252744403781
735,-0.6499999999998796,0.31304923847608185,0.2694322545232053
736,-0.6399999999998798,0.31036693999607834,0.2682299206455241
737,-0.62999999999988,0.307696755913874,0.267018480537512
738,-0.6199999999998802,0.3050387752149518,0.26579814187879247
739,-0.6099999999998804,0.30239308480898935,0.26456911224995716
740,-0.5999999999998806,0.2997597695313282,0.2633315990846652
741,-0.5899999999998808,0.2971389121433749,0.26208580977648555
742,-0.579999999999881,0.2945305933314391,0.26083195183514984
743,-0.5699999999998813,0.2919348917180514,0.2595702316386228
744,-0.5599999999998815,0.28935188386919725,0.2583008548414867
745,-0.5499999999998817,0.28678164429079545,0.25702402745044206
746,-0.5399999999998819,0.28422424543222996,0.25573995511904424
747,-0.5299999999998821,0.28167975769109066,0.2544488430267555
748,-0.5199999999998823,0.279148249418353,0.2531508958350581
749,-0.5099999999998825,0.27662978692399004,0.251846317644272
750,-0.49999999999988276,0.27412443448301,0.25053531195091683
751,-0.489999999999883,0.27163225434147675,0.24921808164948822
752,-0.4799999999998832,0.26915330672192,0.2478948290934646
753,-0.4699999999998834,0.26668764983316534,0.24656575565329408
754,-0.4599999999998836,0.2642353398797648,0.2452310617564124
755,-0.4499999999998838,0.2617964310679278,0.24389094723710203
756,-0.43999999999988404,0.2593709756136461,0.24254561111722306
757,-0.42999999999988425,0.2569590237514999,0.24119525153794563
758,-0.41999999999988447,0.2545606237438464,0.23984006572165262
759,-0.4099999999998847,0.25217582189038074,0.23848024993458616
760,-0.3999999999998849,0.2498046625380638,0.23711599945023254
761,-0.3899999999998851,0.24744718809179006,0.23574750847528136
762,-0.3799999999998853,0.24510343902659248,0.23437496999593743
763,-0.36999999999988553,0.24277345389517585,0.23299857624506926
764,-0.35999999999988574,0.24045726933752304,0.23161851849492487
765,-0.34999999999988596,0.23815492009600936,0.23023498650631136
766,-0.33999999999988617,0.23586643902784862,0.22884816879542025
767,-0.3299999999998864,0.2335918571172482,0.22745825266295427
768,-0.3199999999998866,0.2313312034878841,0.2260654241620974
769,-0.3099999999998868,0.22908450541568662,0.22466986806747857
770,-0.299999999999887,0.22685178834192973,0.2232717678447682
771,-0.28999999999988724,0.22463307588751424,0.22187130553134038
772,-0.27999999999988745,0.2224283898719152,0.22046866126981257
773,-0.26999999999988766,0.22023775031799483,0.21906401472152615
774,-0.2599999999998879,0.21806117545984444,0.21765754476361088
775,-0.2499999999998881,0.21589868176634963,0.2162494279166871
776,-0.2399999999998883,0.2137502839577564,0.21483983904477255
777,-0.22999999999988852,0.21161599502043094,0.2134289515358767
778,-0.21999999999988873,0.2094958262218766,0.21201693727634918
779,-0.20999999999988894,0.20738978712599876,0.21060396662602177
780,-0.19999999999988916,0.20529788560861056,0.20919020839416658
781,-0.18999999999988937,0.20322012787421506,0.20777582971183706
782,-0.17999999999988958,0.2011565184806219,0.20636099524842244
783,-0.1699999999998898,0.19910706034207337,0.20494586936070092
784,-0.15999999999989,0.19707175473450186,0.203530615879699
785,-0.14999999999989022,0.1950506013253087,0.20211539565858083
786,-0.13999999999989043,0.19304359819363803,0.2007003675230934
787,-0.12999999999989065,0.19105074184702525,0.1992856886341654
788,-0.11999999999989086,0.18907202723823993,0.19787151446841733
789,-0.10999999999989107,0.18710744778231436,0.19645799879962067
790,-0.09999999999989129,0.18515699537375077,0.19504529368081225
791,-0.0899999999998915,0.18322066040486346,0.19363354933084054
792,-0.07999999999989171,0.18129843179491162,0.19222291305525108
793,-0.06999999999989193,0.17939029699233666,0.19081353193585726
794,-0.05999999999989214,0.17749624197678388,0.18940555285231198
795,-0.04999999999989235,0.17561625129304503,0.187999119290011
796,-0.039999999999892566,0.17375030807467048,0.18659437237313337
797,-0.02999999999989278,0.17189839406182247,0.18519145144052507
798,-0.019999999999892992,0.17006048961926315,0.18379049403223213
799,-0.009999999999893205,0.16823657375446896,0.1823916358768607
800,1.0658141036401503e-13,0.16642662413586376,0.18099501087971426
801,0.010000000000106368,0.16463061711192128,0.17960075103582995
802,0.020000000000106155,0.1628485277435746,0.17820898509931515
803,0.030000000000105942,0.1610803298062659,0.17681984161929676
804,0.04000000000010573,0.15932599578828646,0.1754334493108911
805,0.050000000000105516,0.1575854969269378,0.1740499332731127
806,0.0600000000001053,0.15585880323513981,0.17266941594415441
807,0.07000000000010509,0.15414588351985234,0.17129201792006055
808,0.08000000000010488,0.15244670540057528,0.1699178579468552
809,0.09000000000010466,0.1507612353279197,0.16854705291344807
810,0.10000000000010445,0.14908943860224322,0.16717971784522279
811,0.11000000000010424,0.14743127939284043,0.16581596584850367
812,0.12000000000010402,0.14578672077215374,0.16445590660854603
813,0.1300000000001038,0.1441557247185318,0.16309964953475364
814,0.1400000000001036,0.14253825211093785,0.1617473045657014
815,0.15000000000010338,0.14093426276519183,0.16039897801573555
816,0.16000000000010317,0.13934371546311877,0.1590547732843839
817,0.17000000000010296,0.13776656797098105,0.15771479192794313
818,0.18000000000010274,0.13620277705793726,0.15637913365680878
819,0.19000000000010253,0.1346522985145227,0.15504789633334903
820,0.20000000000010232,0.1331150871711441,0.15372117597043378
821,0.2100000000001021,0.13159109691683613,0.1523990667052999
822,0.2200000000001019,0.13008028073372688,0.15108165922863015
823,0.23000000000010168,0.12858259070106648,0.14976904382825174
824,0.24000000000010147,0.1270979779867353,0.1484613116411515
825,0.25000000000010125,0.1256263928820128,0.14715855032745306
826,0.26000000000010104,0.1241677848328606,0.14586084441896574
827,0.2700000000001008,0.12272210245782553,0.14456827665718652
828,0.2800000000001006,0.12128929356593302,0.1432809279942715
829,0.2900000000001004,0.1198693051745646,0.1419988775946457
830,0.3000000000001002,0.11846208352731324,0.14072220283717352
831,0.3100000000001,0.11706757411192581,0.13945097930649353
832,0.32000000000009976,0.11568572170051113,0.13818527856642726
833,0.33000000000009955,0.11431647035007128,0.13692517212766653
834,0.34000000000009933,0.11295976337847814,0.13567073390325368
835,0.3500000000000991,0.11161554340251342,0.13442203400222397
836,0.3600000000000989,0.11028375237763687,0.13317913855679375
837,0.3700000000000987,0.1089643316147002,0.1319421120277775
838,0.3800000000000985,0.10765722179664193,0.13071101720651956
839,0.39000000000009827,0.10636236299515807,0.12948591521728114
840,0.40000000000009805,0.10507969468734274,0.12826686552027122
841,0.41000000000009784,0.1038091557722942,0.12705392591508824
842,0.42000000000009763,0.10255068459628018,0.12584715168480476
843,0.4300000000000974,0.10130421896463565,0.12464659692270619
844,0.4400000000000972,0.10006969614045634,0.12345231585273453
845,0.450000000000097,0.0988470528666735,0.12226436049135314
846,0.4600000000000968,0.09763622539251167,0.12108278020924179
847,0.47000000000009656,0.09643714948955336,0.11990762277062084
848,0.48000000000009635,0.09524976046773229,0.11873893434037885
849,0.49000000000009614,0.09407399319125097,0.11757675949164992
850,0.5000000000000959,0.09290978209441719,0.11642114121391822
851,0.5100000000000957,0.09175706119739573,0.11527212092149464
852,0.5200000000000955,0.09061576411846069,0.114129738803459
853,0.5300000000000953,0.08948582409142541,0.11299403330589652
854,0.5400000000000951,0.08836717398960896,0.11186504047824841
855,0.5500000000000949,0.0872597463383192,0.11074279512163776
856,0.5600000000000946,0.08616347332416537,0.10962733110594369
857,0.5700000000000944,0.08507828681052146,0.1085186807546934
858,0.5800000000000942,0.08400411835285228,0.10741687485881779
859,0.590000000000094,0.08294089921388821,0.10632194269176165
860,0.6000000000000938,0.08188856036709428,0.10523391318007502
861,0.6100000000000936,0.08084703252356444,0.10415281256087039
862,0.6200000000000934,0.07981624615172843,0.1030786651005755
863,0.6300000000000932,0.07879613149050634,0.10201149375015928
864,0.6400000000000929,0.07778661856765728,0.10095131962572501
865,0.6500000000000927,0.07678763720084461,0.09989816373686122
866,0.6600000000000925,0.07579911701181402,0.09885204567532946
867,0.6700000000000923,0.07482098744037358,0.09781298363490398
868,0.6800000000000921,0.07385317775817354,0.0967809944313669
869,0.6900000000000919,0.0728956170782341,0.09575609392773465
870,0.7000000000000917,0.07194823435433227,0.09473829804831913
871,0.7100000000000914,0.07101095842404499,0.09372761841314192
872,0.7200000000000912,0.07008371803738124,0.09272406377899278
873,0.730000000000091,0.06916644184139441,0.09172764444144166
874,0.7400000000000908,0.06825905838898141,0.09073836981612904
875,0.7500000000000906,0.06736149615172649,0.08975624803433391
876,0.7600000000000904,0.06647368353252936,0.08878128596450097
877,0.7700000000000902,0.0655955488780172,0.08781348923389554
878,0.78000000000009,0.06472702047946775,0.08685286337745679
879,0.7900000000000897,0.06386802658052032,0.0858994131590296
880,0.8000000000000895,0.06301849542823167,0.08495313823687067
881,0.8100000000000893,0.06217835528686428,0.08401403689040632
882,0.8200000000000891,0.06134753441855916,0.0830821093317835
883,0.8300000000000889,0.06052596109410402,0.08215735469633278
884,0.8400000000000887,0.05971356360435428,0.08123977097728163
885,0.8500000000000885,0.058910270271428575,0.08032935504830863
886,0.8600000000000882,0.058116009459527086,0.07942610270125772
887,0.870000000000088,0.05733070955953209,0.07853001126791881
888,0.8800000000000878,0.05655429902016934,0.07764107496394113
889,0.8900000000000876,0.05578670640678403,0.07675928212738103
890,0.9000000000000874,0.055027860387300336,0.0758846225003329
891,0.9100000000000872,0.054277689716432966,0.0750170874037448
892,0.920000000000087,0.053536123245953894,0.07415666713188607
893,0.9300000000000868,0.05280308993473289,0.07330335097497365
894,0.9400000000000865,0.05207851885855247,0.07245712724173181
895,0.9500000000000863,0.051362339217841106,0.07161798346755899
896,0.9600000000000861,0.050654480331161315,0.07078590783904937
897,0.9700000000000859,0.04995487166801138,0.06996088526262101
898,0.9800000000000857,0.04926344287842164,0.06914289768506499
899,0.9900000000000855,0.04858012377779387,0.06833192856923187
900,1.0000000000000853,0.047904844348705955,0.06752796119750548
901,1.010000000000085,0.047237534749530144,0.06673097799044792
902,1.0200000000000848,0.04657812532282499,0.06594096052942033
903,1.0300000000000846,0.04592654660350186,0.06515788957913715
904,1.0400000000000844,0.04528272931070316,0.06438174671649088
905,1.0500000000000842,0.044646604327968326,0.06361251550177083
906,1.060000000000084,0.04401810279311159,0.06285017050749464
907,1.0700000000000838,0.043397156133275015,0.062094682800867274
908,1.0800000000000836,0.04278369600033782,0.061346029908171396
909,1.0900000000000833,0.04217765427266718,0.06060418918060195
910,1.1000000000000831,0.041578963062676215,0.059869137213558465
911,1.110000000000083,0.040987554724169185,0.05914084986792245
912,1.1200000000000827,0.04040336185947513,0.058419302291207176
913,1.1300000000000825,0.03982631732636956,0.05770446893875736
914,1.1400000000000823,0.03925635424334419,0.05699632373895036
915,1.150000000000082,0.03869340593951238,0.056294845629611956
916,1.1600000000000819,0.038137406012704524,0.05560000773903173
917,1.1700000000000816,0.03758828842693141,0.054911773449162204
918,1.1800000000000814,0.03704598746323224,0.05423011105715192
919,1.1900000000000812,0.036510437686198056,0.05355499220781046
920,1.200000000000081,0.03598157395004501,0.05288638793861655
921,1.2100000000000808,0.03545933140449033,0.05222426869945784
922,1.2200000000000806,0.03494364550043104,0.0515686043723429
923,1.2300000000000804,0.034434451995426094,0.050919364291074354
924,1.2400000000000801,0.0339316869589828,0.05027651726080551
925,1.25000000000008,0.03343528675363478,0.04964003397889827
926,1.2600000000000797,0.032945188009816787,0.04900988765523251
927,1.2700000000000795,0.03246132773319802,0.04838604076635167
928,1.2800000000000793,0.031983643339435076,0.047768452313506904
929,1.290000000000079,0.03151207257540795,0.04715708917434891
930,1.3000000000000789,0.031046553518955636,0.04655191825296834
931,1.3100000000000787,0.030587024583408284,0.0459529060002406
932,1.3200000000000784,0.03013342452194188,0.04536001843157278
933,1.3300000000000782,0.029685692431756464,0.04477322114455062
934,1.340000000000078,0.029243767758078312,0.044192479336541135
935,1.3500000000000778,0.02880759029635029,0.043617757985875416
936,1.3600000000000776,0.028377100160679274,0.043049025226143955
937,1.3700000000000774,0.027952237824313872,0.042486245143164014
938,1.3800000000000772,0.02753294417568718,0.0419293762184747
939,1.390000000000077,0.027119160483471655,0.04137838042813091
940,1.4000000000000767,0.026710828379462623,0.040833221459835034
941,1.4100000000000765,0.026307889861713122,0.04029386268780688
942,1.4200000000000763,0.025910287297507613,0.03976026718889303
943,1.430000000000076,0.025517963426174798,0.0392323977586595
944,1.4400000000000759,0.02513086136046053,0.038710217055382135
945,1.4500000000000757,0.02474892456360269,0.038193690029847405
946,1.4600000000000755,0.02437209688063321,0.037682778502640124
947,1.4700000000000752,0.02400032257816313,0.037177440315838695
948,1.480000000000075,0.02363354631605048,0.03667763614473296
949,1.4900000000000748,0.023271713134614458,0.036183327943195565
950,1.5000000000000746,0.022914768456759237,0.03569447745271903
951,1.5100000000000744,0.022562658089954717,0.035211046216721
952,1.5200000000000742,0.02221532822807547,0.03473299559472176
953,1.530000000000074,0.02187272545184149,0.03426028690217131
954,1.5400000000000738,0.021534796706753685,0.03379288366096578
955,1.5500000000000735,0.021201489331722567,0.03333074653013579
956,1.5600000000000733,0.02087275109503145,0.03287383257238874
957,1.5700000000000731,0.020548530167086434,0.03242210157543557
958,1.580000000000073,0.02022877510810003,0.03197551455862424
959,1.5900000000000727,0.019913434869325793,0.03153403241784036
960,1.6000000000000725,0.01960245879416981,0.031097615937819567
961,1.6100000000000723,0.019295796619178917,0.030666225804476532
962,1.620000000000072,0.018993398473936832,0.030239822714112075
963,1.6300000000000718,0.01869521486453006,0.02981836901643775
964,1.6400000000000716,0.018401196694310663,0.02940182498488708
965,1.6500000000000714,0.018111295289586587,0.02899014832385971
966,1.6600000000000712,0.01782546237907944,0.02858329879197874
967,1.670000000000071,0.01754365008465436,0.028181237074881293
968,1.6800000000000708,0.017265810921732003,0.02778392381700412
969,1.6900000000000706,0.016991897799593918,0.02739131963224728
970,1.7000000000000703,0.016721864021581663,0.027003385114598988
971,1.7100000000000701,0.016455663285939583,0.026620080773770427
972,1.72000000000007,0.016193249698442647,0.02624136585668846
973,1.7300000000000697,0.01593457775719976,0.02586720112994767
974,1.7400000000000695,0.01567960233416208,0.025497549209313464
975,1.7500000000000693,0.015428278690499647,0.025132371172886803
976,1.760000000000069,0.01518056248307188,0.02477162745171957
977,1.7700000000000689,0.014936409763688213,0.024415278550798947
978,1.7800000000000686,0.014695776978264779,0.02406328505944466
979,1.7900000000000684,0.014458620965878495,0.02371560766156744
980,1.8000000000000682,0.014224898957083638,0.023372207209421125
981,1.810000000000068,0.013994568562568302,0.023033045689613285
982,1.8200000000000678,0.01376758778400611,0.022698084003580643
983,1.8300000000000676,0.013543915027355514,0.022367281722829313
984,1.8400000000000674,0.013323509088955698,0.02204059980927542
985,1.8500000000000671,0.013106329148600845,0.02171799991740886
986,1.860000000000067,0.012892334768028733,0.021399443852859745
987,1.8700000000000667,0.012681485889319681,0.02108489358136345
988,1.8800000000000665,0.01247374283320713,0.020774311237597987
989,1.8900000000000663,0.012269066294211026,0.020467659442902075
990,1.900000000000066,0.01206741729167662,0.020164905714736836
991,1.9100000000000659,0.011868757225101693,0.01986601203783911
992,1.9200000000000657,0.01167304793925206,0.019570933885393327
993,1.9300000000000654,0.011480251662988574,0.01927963284788503
994,1.9400000000000652,0.011290330982503214,0.018992073192192205
995,1.950000000000065,0.011103248839759217,0.018708219341179166
996,1.9600000000000648,0.010918968530870436,0.01842803587977504
997,1.9700000000000646,0.010737453874174454,0.0181514705855923
998,1.9800000000000644,0.010558668773353734,0.017878514924141164
999,1.9900000000000642,0.010382577466065936,0.017609135497892447
1000,2.000000000000064,0.010209144855987727,0.017343265704927724
1001,2.0100000000000637,0.010038336093662451,0.017080880858572067
1002,2.0200000000000635,0.0098701166793771,0.01682194598445208
1003,2.0300000000000633,0.00970445246247751,0.01656642617667292
1004,2.040000000000063,0.009541309628708063,0.016314287795371474
1005,2.050000000000063,0.009380654675793387,0.01606549964251469
1006,2.0600000000000627,0.009222454477902271,0.01582002407367611
1007,2.0700000000000625,0.00906667631044488,0.015577820964707279
1008,2.0800000000000622,0.008913287792480453,0.015338855950691732
1009,2.090000000000062,0.008762256880393579,0.015103095299084934
1010,2.100000000000062,0.008613551866868912,0.014870505379871446
1011,2.1100000000000616,0.008467141377548568,0.014641052897296225
1012,2.1200000000000614,0.008322994338928087,0.014414707766008394
1013,2.130000000000061,0.008181080017276573,0.014191436008642588
1014,2.140000000000061,0.00804136806173648,0.01397119933785329
1015,2.1500000000000608,0.00790382846246922,0.013753963651735868
1016,2.1600000000000605,0.0077684315332581305,0.013539696588088512
1017,2.1700000000000603,0.0076351479102125175,0.013328365914305751
1018,2.18000000000006,0.007503948550450099,0.013119939529537827
1019,2.19000000000006,0.007374804713741135,0.012914387168522223
1020,2.2000000000000597,0.007247687967877245,0.01271167802911477
1021,2.2100000000000595,0.007122570228114789,0.012511777364832
1022,2.2200000000000593,0.006999423746902697,0.012314651456407644
1023,2.230000000000059,0.006878221086440485,0.012120269328774746
1024,2.240000000000059,0.0067589351171336584,0.01192860016132613
1025,2.2500000000000586,0.0066415390160679865,0.011739613286027017
1026,2.2600000000000584,0.006526006255528468,0.011553279182946463
1027,2.270000000000058,0.006412310583715041,0.011369570260583162
1028,2.280000000000058,0.006300426075551923,0.011188453846500135
1029,2.2900000000000578,0.006190327149788153,0.011009895558206084
1030,2.3000000000000576,0.006081988521964947,0.010833865716475266
1031,2.3100000000000573,0.005975385198825115,0.010660335201140292
1032,2.320000000000057,0.005870492476629409,0.010489275060399095
1033,2.330000000000057,0.005767285939456885,0.01032065651241365
1034,2.3400000000000567,0.005665741457490162,0.010154450946819882
1035,2.3500000000000565,0.005565835171339632,0.00999063132083311
1036,2.3600000000000563,0.005467543479556006,0.009829171840414208
1037,2.370000000000056,0.005370843089401416,0.009670041634413096
1038,2.380000000000056,0.005275711025378086,0.009513208978811916
1039,2.3900000000000556,0.00518212458680239,0.009358646392187975
1040,2.4000000000000554,0.005090061344394975,0.009206326734106929
1041,2.410000000000055,0.004999499138475479,0.009056223044662248
1042,2.420000000000055,0.004910416077144374,0.008908308545763077
1043,2.430000000000055,0.004822790534452438,0.008762556642372132
1044,2.4400000000000546,0.004736601133865696,0.00861894239295724
1045,2.4500000000000544,0.0046518267463596255,0.008477441046567114
1046,2.460000000000054,0.004568446530053487,0.008338023888815327
1047,2.470000000000054,0.0044864399269002545,0.0082006625363229
1048,2.4800000000000537,0.004405786632241921,0.008065331650181085
1049,2.4900000000000535,0.004326466592670433,0.007932006105387801
1050,2.5000000000000533,0.004248460004166066,0.007800660963103168
1051,2.510000000000053,0.004171747310225373,0.0076712714716931085
1052,2.520000000000053,0.004096309199977517,0.007543813067889538
1053,2.5300000000000527,0.004022126593487261,0.0074182626581265065
1054,2.5400000000000524,0.003949180646550128,0.00729459666932164
1055,2.5500000000000522,0.0038774527759939848,0.007172788998233148
1056,2.560000000000052,0.003806924649830597,0.007052814526464779
1057,2.570000000000052,0.0037375781697071087,0.0069346498904721
1058,2.5800000000000516,0.003669395469011783,0.006818271916136931
1059,2.5900000000000514,0.003602358910971138,0.0067036576196277675
1060,2.600000000000051,0.0035364510867386375,0.00659078420824355
1061,2.610000000000051,0.003471654813152879,0.006479629113465002
1062,2.6200000000000507,0.0034079531127073977,0.006370171769792821
1063,2.6300000000000505,0.003345329228203162,0.006262390146477559
1064,2.6400000000000503,0.0032837666517462056,0.006156259313006007
1065,2.65000000000005,0.0032232491046975047,0.006051756343877779
1066,2.66000000000005,0.003163760521117057,0.0059488599691848165
1067,2.6700000000000497,0.0031052850459475046,0.005847549100657101
1068,2.6800000000000495,0.0030478070331905354,0.005747802832384297
1069,2.6900000000000492,0.002991311044077072,0.0056496004414374745
1070,2.700000000000049,0.0029357818452312367,0.005552921388490839
1071,2.710000000000049,0.0028812044068276086,0.005457745318493412
1072,2.7200000000000486,0.0028275639005667856,0.005364052078837833
1073,2.7300000000000484,0.0027748456816416474,0.005271823320290858
1074,2.740000000000048,0.0027230352996265327,0.0051810396047013985
1075,2.750000000000048,0.002672118525666482,0.00509167877499328
1076,2.7600000000000477,0.002622081336632027,0.005003720258611732
1077,2.7700000000000475,0.002572909899034896,0.00491714509143204
1078,2.7800000000000473,0.002524590567283575,0.004831934483773281
1079,2.790000000000047,0.0024771098819343198,0.004748069820853518
1080,2.800000000000047,0.002430454567936947,0.0046655326633116
1081,2.8100000000000467,0.0023846115328761863,0.004584304747651258
1082,2.8200000000000465,0.00233956786520837,0.004504367986707392
1083,2.8300000000000463,0.0022953108324308977,0.004425704476368475
1084,2.840000000000046,0.0022518278686321966,0.004348297557527081
1085,2.850000000000046,0.0022091065808591843,0.0042721299343295716
1086,2.8600000000000456,0.002167134767736758,0.004197182448972825
1087,2.8700000000000454,0.0021259004083762803,0.004123437052805379
1088,2.880000000000045,0.0020853916497150437,0.004050876963229699
1089,2.890000000000045,0.002045596804874473,0.003979485561828033
1090,2.9000000000000448,0.0020065043515141655,0.003909246394778743
1091,2.9100000000000446,0.0019681029301824313,0.003840143173206023
1092,2.9200000000000443,0.0019303813426633965,0.0037721597735240753
1093,2.930000000000044,0.001893328550320825,0.003705280237764619
1094,2.940000000000044,0.0018569336724231838,0.00363948877545317
1095,2.9500000000000437,0.0018211859776887406,0.0035747704416055903
1096,2.9600000000000435,0.0017860748877718301,0.003511109942611057
1097,2.9700000000000433,0.0017515899896014245,0.0034484907510012874
1098,2.980000000000043,0.0017177210274901711,0.0033868971284045646
1099,2.990000000000043,0.0016844578932394205,0.0033263143259465444
1100,3.0000000000000426,0.0016517906246181103,0.0032667277468645395
1101,3.0100000000000424,0.0016197094038391522,0.003208122946757319
1102,3.020000000000042,0.0015882045560324852,0.0031504856339181764
1103,3.030000000000042,0.0015572665477161342,0.003093801669534768
1104,3.040000000000042,0.0015268859852648788,0.003038057067927813
1105,3.0500000000000416,0.0014970536133749263,0.0029832379969507716
1106,3.0600000000000414,0.0014677603094142662,0.0029293311894218466
1107,3.070000000000041,0.0014389970851524528,0.0028763232051809418
1108,3.080000000000041,0.0014107550945893956,0.0028241998211886443
1109,3.0900000000000407,0.001383025628181536,0.0027729473917881275
1110,3.1000000000000405,0.0013558001051552188,0.002722553039985476
1111,3.1100000000000403,0.001329070072116695,0.002673004027786696
1112,3.12000000000004,0.0013028272016602344,0.0026242877563864564
1113,3.13000000000004,0.0012770632909744636,0.0025763917663457203
1114,3.1400000000000396,0.0012517702604463163,0.002529303737830446
1115,3.1500000000000394,0.0012269401522638733,0.0024830114907226086
1116,3.160000000000039,0.001202565129017149,0.0024375029848255902
1117,3.170000000000039,0.0011786374699762918,0.002392766552122838
1118,3.180000000000039,0.0011551495718173921,0.002348790452016969
1119,3.1900000000000386,0.0011320939532853621,0.0023055624776224803
1120,3.2000000000000384,0.001109463250798842,0.00226307086156341
1121,3.210000000000038,0.0010872502125111188,0.002221304430372051
1122,3.220000000000038,0.0010654476970541867,0.0021802521361746763
1123,3.2300000000000377,0.0010440486722823083,0.002139903056741499
1124,3.2400000000000375,0.0010230462140141876,0.002100246395625449
1125,3.2500000000000373,0.001002433504773811,0.0020612714822954015
1126,3.260000000000037,0.0009822038325299,0.002022967772274953
1127,3.270000000000037,0.0009623505894341997,0.0019853248472589957
1128,3.2800000000000367,0.0009428672693876474,0.001948332532325514
1129,3.2900000000000365,0.0009237474682593643,0.0019119806306533427
1130,3.3000000000000362,0.0009049848863818257,0.0018762586959042427
1131,3.310000000000036,0.0008865733250342866,0.001841156633397567
1132,3.320000000000036,0.0008685066818867037,0.0018066648040604427
1133,3.3300000000000356,0.0008507789498727501,0.0017727736815187356
1134,3.3400000000000354,0.0008333842160669901,0.0017394738516807173
1135,3.350000000000035,0.0008163166605614457,0.0017067560127981274
1136,3.360000000000035,0.0007995705553412737,0.001674610975554991
1137,3.3700000000000347,0.0007831402631592776,0.0016430296631841923
1138,3.3800000000000345,0.0007670202364100302,0.0016120031115063327
1139,3.3900000000000343,0.0007512050155416454,0.0015815225151649681
1140,3.400000000000034,0.0007356892290633268,0.001551579068048703
1141,3.410000000000034,0.0007204675946020784,0.001522163858375114
1142,3.4200000000000337,0.0007055349159562286,0.001493268269009418
1143,3.4300000000000335,0.0006908860796173799,0.001464884030621949
1144,3.4400000000000333,0.0006765160537663794,0.0014370029742860613
1145,3.450000000000033,0.00066241988727978,0.0014096170304289668
1146,3.460000000000033,0.0006485927087356917,0.0013827182288927986
1147,3.4700000000000326,0.0006350297254188002,0.0013562986990178771
1148,3.4800000000000324,0.0006217262223247743,0.0013303506697037726
1149,3.490000000000032,0.0006086775611642296,0.0013048664694537138
1150,3.500000000000032,0.0005958791793228943,0.001279838530754418
1151,3.5100000000000318,0.0005833265898187542,0.0012552592903780635
1152,3.5200000000000315,0.000571015381442607,0.001231121171041405
1153,3.5300000000000313,0.0005589412162007197,0.0012074168511955197
1154,3.540000000000031,0.0005470998266652826,0.0011841392742462098
1155,3.550000000000031,0.0005354870150876735,0.0011612814722727904
1156,3.5600000000000307,0.0005240986525262117,0.0011388365645792486
1157,3.5700000000000305,0.000512930677973801,0.0011167977577053456
1158,3.5800000000000303,0.000501979097484794,0.0010951583455043323
1159,3.59000000000003,0.0004912399833015807,0.0010739117091707051
1160,3.60000000000003,0.0004807094729807872,0.0010530513172790634
1161,3.6100000000000296,0.0004703837687038833,0.0010325707073433055
1162,3.6200000000000294,0.0004602591372626383,0.0010124634183317216
1163,3.630000000000029,0.00045033190965028164,0.000992723030096565
1164,3.640000000000029,0.0004405984787904867,0.0009733433495917598
1165,3.6500000000000288,0.00043105529751671,0.0009543183858373716
1166,3.6600000000000286,0.0004216988777960345,0.0009356422254691577
1167,3.6700000000000284,0.0004125257899694996,0.0009173090310898857
1168,3.680000000000028,0.0004035326619919873,0.0008993130413137429
1169,3.690000000000028,0.0003947161786721635,0.0008816485707607846
1170,3.7000000000000277,0.0003860730809119204,0.0008643100101068946
1171,3.7100000000000275,0.00037760016494542913,0.0008472918261226425
1172,3.7200000000000273,0.0003692942818723472,0.0008305885322579254
1173,3.730000000000027,0.00036115233770289327,0.0008141946374551345
1174,3.740000000000027,0.0003531712926489701,0.0007981047215444015
1175,3.7500000000000266,0.0003453481590814101,0.0007823135686313432
1176,3.7600000000000264,0.00033767999998293545,0.0007668161175256039
1177,3.770000000000026,0.00033016392827480817,0.0007516073743718543
1178,3.780000000000026,0.0003227971061598003,0.0007366824110177639
1179,3.790000000000026,0.00031557674446499733,0.0007220363650306538
1180,3.8000000000000256,0.0003085001019848243,0.0007076644396752929
1181,3.8100000000000254,0.0003015644848233494,0.0006935619039860619
1182,3.820000000000025,0.0002947672457365884,0.0006797240927669534
1183,3.830000000000025,0.00028810578380188015,0.000666146373884402
1184,3.8400000000000247,0.00028157754452052674,0.0006528241049408301
1185,3.8500000000000245,0.0002751800189810739,0.0006397527272106185
1186,3.8600000000000243,0.0002689107420240579,0.000626927865493565
1187,3.870000000000024,0.00026276729105029174,0.0006143452637608071
1188,3.880000000000024,0.00025674728544044134,0.0006020007240259417
1189,3.8900000000000237,0.00025084838599036583,0.000589890104768509
1190,3.9000000000000234,0.00024506829434618103,0.0005780093209617476
1191,3.9100000000000232,0.00023940475243943338,0.0005663543440614927
1192,3.920000000000023,0.00023385554192216333,0.0005549212020172778
1193,3.930000000000023,0.0002284184836014687,0.0005437059793222954
1194,3.9400000000000226,0.0002230914371944787,0.0005327047849723598
1195,3.9500000000000224,0.00021787230148311888,0.0005219137124867768
1196,3.960000000000022,0.00021275901345218977,0.0005113289415770161
1197,3.970000000000022,0.00020774954663757743,0.0005009468171335296
1198,3.9800000000000217,0.00020284191019905102,0.0004907637767670447
1199,3.9900000000000215,0.0001980341484238267,0.0004807763077319116
1200,4.000000000000021,0.0001933243402438983,0.00047098094554942627
1201,4.010000000000021,0.0001887105987535345,0.0004613742739911775
1202,4.020000000000021,0.00018419107072660944,0.00045195292509569995
1203,4.030000000000021,0.00017976393613398906,0.0004427135791629233
1204,4.0400000000000205,0.00017542740766041758,0.00043365296480413207
1205,4.05000000000002,0.0001711797305276035,0.00042476782832201465
1206,4.06000000000002,0.00016701918271609767,0.00041605489383145233
1207,4.07000000000002,0.00016294407411830428,0.00040751097014624094
1208,4.08000000000002,0.00015895274501758687,0.00039913301816962843
1209,4.090000000000019,0.00015504356535613186,0.00039091807201852014
1210,4.100000000000019,0.00015121493431589502,0.00038286320771518945
1211,4.110000000000019,0.0001474652799113718,0.0003749655420048903
1212,4.120000000000019,0.00014379305858264513,0.0003672222323281016
1213,4.1300000000000185,0.00014019675478854434,0.00035963047680942495
1214,4.140000000000018,0.00013667488059924892,0.0003521875143130959
1215,4.150000000000018,0.00013322597528905888,0.00034489062442633056
1216,4.160000000000018,0.0001298486051198457,0.00033773710839124504
1217,4.170000000000018,0.0001265413634068331,0.0003307242608718841
1218,4.1800000000000175,0.00012330286986167826,0.0003238494422241889
1219,4.190000000000017,0.00012013176949984612,0.0003171101220666994
1220,4.200000000000017,0.00011702673209643363,0.00031050382443553737
1221,4.210000000000017,0.00011398645181913026,0.00030402811007079755
1222,4.220000000000017,0.00011100964686967146,0.0002976805755672274
1223,4.230000000000016,0.00010809505912512572,0.0002914588533908802
1224,4.240000000000016,0.00010524145377901513,0.00028536061189576856
1225,4.250000000000016,0.0001024476190053619,0.00027938355303125384
1226,4.260000000000016,9.971236597806184e-05,0.0002735253768093582
1227,4.270000000000016,9.703452854869764e-05,0.0002677838154607759
1228,4.280000000000015,9.441296234575968e-05,0.0002621566912941464
1229,4.290000000000015,9.18465441875048e-05,0.00025664188533225385
1230,4.300000000000015,8.933417174189505e-05,0.0002512373126040135
1231,4.310000000000015,8.687476321684547e-05,0.0002459409191135631
1232,4.3200000000000145,8.446725705091617e-05,0.0002407506817958538
1233,4.330000000000014,8.211061160367115e-05,0.00023566460854995697
1234,4.340000000000014,7.980380484581511e-05,0.00023068073826126856
1235,4.350000000000014,7.75458342425646e-05,0.0002257971214780774
1236,4.360000000000014,7.533571671978619e-05,0.00022101181213485255
1237,4.370000000000013,7.317248803511087e-05,0.00021632292705464629
1238,4.380000000000013,7.105520202825605e-05,0.00021172865802832064
1239,4.390000000000013,6.898293029534186e-05,0.00020722722941513005
1240,4.400000000000013,6.69547619237143e-05,0.00020281689209200593
1241,4.410000000000013,6.49698032278234e-05,0.0001984959233480854
1242,4.420000000000012,6.302717748532317e-05,0.00019426262686250695
1243,4.430000000000012,6.112602467278314e-05,0.00019011533274326808
1244,4.440000000000012,5.926550120001204e-05,0.00018605239766600334
1245,4.450000000000012,5.744477963844181e-05,0.00018207220546795355
1246,4.4600000000000115,5.5663048484039556e-05,0.00017817316369517222
1247,4.470000000000011,5.391951190112363e-05,0.00017435370551210916
1248,4.480000000000011,5.221338942643377e-05,0.0001706122936762089
1249,4.490000000000011,5.054391569923598e-05,0.00016694741793443768
1250,4.500000000000011,4.891034019808869e-05,0.0001633575943571497
1251,4.5100000000000104,4.7311926977886515e-05,0.00015984136531033144
1252,4.52000000000001,4.574795440751464e-05,0.0001563972993945395
1253,4.53000000000001,4.4217714906559475e-05,0.0001530239915392695
1254,4.54000000000001,4.272051452148115e-05,0.00014972007905678097
1255,4.55000000000001,4.1255672553466854e-05,0.00014648423647400932
1256,4.560000000000009,3.98225215657583e-05,0.0001433151375851427
1257,4.570000000000009,3.842040731737143e-05,0.0001402114628124007
1258,4.580000000000009,3.7048688465168144e-05,0.00013717192237083786
1259,4.590000000000009,3.570673627575352e-05,0.00013419525528579612
1260,4.6000000000000085,3.439393433753953e-05,0.0001312802293762516
1261,4.610000000000008,3.310967827269775e-05,0.00012842564126591682
1262,4.620000000000008,3.185337544900109e-05,0.00012563031639434286
1263,4.630000000000008,3.0624444893337384e-05,0.00012289308884971817
1264,4.640000000000008,2.9422317943521226e-05,0.00012021272753903745
1265,4.6500000000000075,2.8246437528758548e-05,0.0001175880733228496
1266,4.660000000000007,2.7096256541060953e-05,0.00011501812992031901
1267,4.670000000000007,2.5971237425629025e-05,0.00011250194201228858
1268,4.680000000000007,2.4870851996555366e-05,0.0001100385727093034
1269,4.690000000000007,2.3794581257801168e-05,0.00010762710302425482
1270,4.700000000000006,2.274192741958085e-05,0.00010526541233124576
1271,4.710000000000006,2.171239917886266e-05,0.00010295285195471848
1272,4.720000000000006,2.0705505813483365e-05,0.00010068936380780436
1273,4.730000000000006,1.972077188610456e-05,9.847341940760757e-05
1274,4.7400000000000055,1.8757730884301777e-05,9.630412626249196e-05
1275,4.750000000000005,1.781592507629105e-05,9.41806063081696e-05
1276,4.760000000000005,1.6894905511039938e-05,9.21019814692503e-05
1277,4.770000000000005,1.5994232712378776e-05,9.00673042592004e-05
1278,4.780000000000005,1.51134772275062e-05,8.807557234091767e-05
1279,4.7900000000000045,1.4252218442437018e-05,8.612590183254554e-05
1280,4.800000000000004,1.3410043520684798e-05,8.421751498399743e-05
1281,4.810000000000004,1.2586547381279463e-05,8.234963624342839e-05
1282,4.820000000000004,1.1781332699377897e-05,8.052148999793118e-05
1283,4.830000000000004,1.0994009896160941e-05,7.873230164490153e-05
1284,4.840000000000003,1.022419670307095e-05,7.698134015798885e-05
1285,4.850000000000003,9.471518109686857e-06,7.52678797233397e-05
1286,4.860000000000003,8.735607030856993e-06,7.359112781379906e-05
1287,4.870000000000003,8.016104595967628e-06,7.195026297535101e-05
1288,4.880000000000003,7.312660144335538e-06,7.034446421472218e-05
1289,4.890000000000002,6.624931225652101e-06,6.877291049423029e-05
1290,4.900000000000002,5.9525838052079635e-06,6.723476025372044e-05
1291,4.910000000000002,5.295294150550028e-06,6.572898326728804e-05
1292,4.920000000000002,4.65274837745587e-06,6.425459471159911e-05
1293,4.9300000000000015,4.0246197523738355e-06,6.281287951992454e-05
1294,4.940000000000001,3.4105915018378824e-06,6.140284168343335e-05
1295,4.950000000000001,2.810369070381166e-06,6.0022259401604217e-05
1296,4.960000000000001,2.223653623571929e-06,5.867156057104417e-05
1297,4.970000000000001,1.6501526151689005e-06,5.735011637253429e-05
1298,4.98,1.0895825604021494e-06,5.605702065869522e-05
1299,4.99,5.416634690387896e-07,5.479192397572774e-05
1300,5.0,0.0,5.4166361573848576e-05
