0.040507,1.9055e-17,2.521e-17,4.3349e-17,4.9509e-17,3.3081e-17,-5.2447e-17,-4.2275e-17,6.5887e-17,-3.4946e-17,-1.4146e-17,-3.6024e-17,7.861e-18,1.6292e-17,-3.7162e-17,-1.9994e-17,3.4512e-17,-2.6053e-17,5.6686e-18,-5.5658e-18,-5.297e-17,1.0003e-16,-5.1577e-17,3.48e-17,-5.4893e-18,-2.7688e-17,4.581e-18,-4.1413e-17,7.0195e-17,-3.7256e-19,-6.242e-17,-2.6278e-17,-4.0085e-17,3.2576e-17,-2.9916e-18,3.181e-17,7.8528e-17,-4.767e-17,2.9984e-17,8.6601e-18,-1.5982e-17,8.1812e-17,3.3724e-17,-2.572e-18,3.4105e-17,8.6602e-17,-6.6384e-17,-5.6655e-17,6.1348e-17,1.6298e-17,2.1642e-17,-2.8969e-17,-2.3279e-17,-4.5399e-18,-1.6206e-17,2.2689e-17,3.2555e-17,2.5996e-17,2.2965e-17,-4.022e-17,-4.469e-17,1.9024e-17,-3.6726e-18,8.4e-18,5.5564e-18,-3.7468e-17,3.2924e-18,7.6612e-17,-8.1019e-18,-2.3653e-17,-1.1145e-17,1.0832e-16,5.3343e-17,-9.5862e-17,-2.416e-17,-1.5372e-17,-3.3423e-17,-8.2461e-17,5.2521e-17,-6.2954e-18
1.8965e-17,0.040507,4.3912e-17,1.0202e-17,3.0826e-17,1.6458e-17,-2.3441e-17,2.7946e-17,-4.7712e-17,1.7056e-17,2.6113e-17,3.8888e-17,-1.9629e-18,-3.5119e-17,-1.0138e-17,2.0336e-17,-3.7607e-17,-4.5766e-17,8.857e-19,-3.0765e-17,4.409e-18,-3.4887e-17,-6.749e-18,2.1516e-18,-6.8983e-18,-8.2943e-18,1.0165e-17,2.1716e-17,5.1075e-17,3.3389e-17,1.1778e-17,-3.3161e-17,-1.7007e-17,1.2922e-17,3.1095e-17,3.2477e-17,2.601e-17,1.1703e-17,6.2048e-17,2.6549e-17,-1.4644e-18,1.0837e-17,-2.0042e-17,-4.2739e-17,-1.9457e-17,4.534e-17,1.6081e-17,-1.6926e-17,-4.2652e-17,-2.333e-17,-9.7975e-18,-2.7408e-17,5.9349e-17,-5.4954e-18,1.3881e-17,4.8933e-18,-3.8884e-17,-3.7328e-17,1.6455e-17,2.4412e-17,-2.9417e-17,4.4712e-17,-5.2434e-17,4.8677e-17,6.3091e-18,3.0139e-17,-3.0166e-17,-4.1309e-17,5.8167e-17,-1.5694e-17,-3.2629e-17,2.7168e-17,-2.4461e-17,6.7377e-17,4.1176e-17,4.0955e-17,3.2121e-17,2.5355e-18,3.0686e-17,8.2704e-18
2.5917e-17,4.4399e-17,0.040507,-3.8994e-17,4.1867e-17,3.4293e-17,-2.0908e-17,-5.064e-17,5.604e-18,2.8853e-17,-1.1487e-17,3.6032e-17,-6.731e-17,1.731e-17,2.6179e-17,3.9458e-18,1.3259e-17,2.468e-17,-2.0829e-17,5.833e-18,-3.028e-17,-1.0401e-17,-3.1536e-17,8.5723e-18,-3.114e-17,-5.246e-17,4.1211e-17,-1.6296e-17,8.6717e-17,-3.0072e-17,-6.5517e-17,-4.8393e-17,-3.8793e-18,3.2179e-17,-1.9178e-17,1.6012e-17,8.2124e-17,2.6291e-17,4.7383e-17,-5.1239e-18,-3.2073e-18,9.5371e-17,-6.3544e-18,1.8988e-17,-2.645e-17,3.1147e-17,-6.1828e-17,3.4299e-17,7.674e-17,-5.0094e-18,-2.7395e-17,1.8214e-17,-4.4453e-17,-1.0818e-17,-4.9489e-18,3.2512e-17,-2.2427e-17,-4.2809e-17,-2.2084e-18,1.8866e-17,-3.1749e-17,-3.5902e-18,-3.5356e-17,-5.5115e-18,-2.896e-17,3.1605e-17,3.739e-17,5.0802e-17,2.9281e-17,-1.2909e-17,4.0009e-17,-1.0015e-17,4.2914e-17,-3.1462e-17,-1.7237e-18,-4.3526e-17,-5.2665e-17,4.7119e-18,-5.0225e-17,-3.928e-17
4.2746e-17,1.0918e-17,-3.8334e-17,0.040507,-4.0713e-18,-3.3111e-17,8.8136e-17,2.2374e-17,-5.3781e-17,8.0678e-17,-6.0414e-18,-5.6754e-17,8.6116e-17,3.4142e-17,-1.9567e-18,4.3857e-18,-3.0096e-17,-2.7426e-17,-2.6628e-17,3.0471e-17,-6.7306e-17,-1.5905e-17,-1.9324e-17,-1.4963e-17,-6.1827e-18,4.4952e-17,5.1459e-17,3.3121e-17,-2.9811e-17,-1.6233e-17,5.0197e-17,-2.0256e-17,7.1346e-17,-3.2283e-18,5.0227e-17,-3.5081e-17,-1.0208e-16,-8.5936e-18,-2.1536e-17,3.1722e-17,-8.1843e-18,-6.3433e-17,-1.0955e-17,5.3834e-17,-1.7763e-17,-2.8002e-17,-4.7783e-17,-4.1348e-17,-6.3518e-17,1.3714e-17,1.6436e-17,1.0084e-17,8.4598e-17,-5.8694e-18,-8.7316e-18,-5.1591e-17,-5.5205e-18,2.1375e-17,4.2295e-17,4.8228e-17,1.0903e-17,1.1939e-17,-5.7059e-17,-2.6934e-17,-4.1257e-18,6.7429e-17,-3.0879e-17,-4.9867e-17,-2.0139e-17,-9.3778e-17,-2.1701e-17,4.8731e-17,-2.0375e-17,5.2881e-17,-2.7327e-17,2.8896e-18,5.3572e-17,-1.028e-18,1.0471e-17,-1.1408e-18
4.9198e-17,3.101e-17,4.1877e-17,-3.849e-18,0.040507,-2.1465e-17,-2.4544e-17,-1.7211e-17,3.3661e-17,-3.9757e-17,5.4398e-18,5.0615e-19,-2.2911e-17,2.5683e-17,5.9483e-17,2.0493e-17,-2.7944e-17,-3.4138e-17,6.0542e-17,-1.0599e-17,-1.7951e-17,5.4174e-18,-4.5727e-17,2.3318e-17,1.2168e-17,5.8862e-18,1.8969e-17,-4.7565e-17,9.8002e-19,-1.1822e-17,9.2206e-18,-1.866e-17,-2.4198e-17,7.3658e-19,-1.172e-17,3.1865e-17,7.3528e-17,4.3844e-19,2.4649e-17,-5.8657e-17,-4.1553e-17,4.2257e-17,-2.6498e-17,-1.7081e-18,2.2702e-17,-2.8328e-17,-1.1894e-17,3.4798e-17,8.5562e-17,4.9173e-17,6.024e-17,3.017e-17,-1.1256e-17,5.2372e-17,-3.8158e-17,7.2536e-17,5.1243e-18,3.6369e-18,-3.2756e-19,-2.7997e-17,-4.1279e-17,4.608e-17,-1.6093e-17,-1.1567e-17,-2.2518e-18,-3.4536e-17,-2.194e-17,-1.8146e-17,3.3358e-17,5.47e-17,1.2428e-17,2.6444e-18,-3.5025e-17,-6.8106e-17,-2.2548e-17,5.2844e-17,-4.3477e-18,1.5006e-17,2.1838e-17,2.1229e-17
3.1713e-17,1.6428e-17,3.5181e-17,-3.3166e-17,-2.0216e-17,0.040507,1.2544e-17,2.2463e-17,2.2629e-17,3.9986e-18,1.0048e-17,-2.6307e-17,4.8565e-17,-1.6752e-17,-1.6842e-17,1.629e-17,3.7076e-17,-1.9109e-17,2.2438e-17,5.2519e-17,-8.2048e-18,-3.0092e-17,-1.6763e-17,-5.8044e-19,-1.5893e-17,-3.1514e-17,-3.5894e-17,-6.3938e-17,1.3826e-17,-2.7897e-17,-1.5591e-17,-2.3589e-18,3.1726e-18,-1.7245e-17,-8.2625e-18,1.194e-17,2.0979e-17,3.1166e-17,1.97e-17,1.945e-17,-3.3629e-17,-1.7229e-17,-4.4722e-17,-1.8964e-18,3.4911e-17,-4.9787e-17,-1.8006e-17,-8.8864e-18,-1.3313e-17,-4.3408e-17,2.3008e-18,2.2862e-17,3.0795e-17,-1.1321e-18,-1.0115e-17,-1.3988e-17,2.1267e-17,-1.4635e-17,-1.2295e-17,-8.9839e-18,3.8803e-18,1.4907e-17,-4.0518e-18,-3.2778e-17,5.5282e-17,3.6232e-17,-3.7935e-17,-5.0466e-17,6.437e-18,1.705e-17,8.6515e-18,-3.4778e-17,-2.4192e-17,-2.6202e-19,-1.0924e-17,1.1396e-17,-2.909e-17,-3.5301e-17,1.4074e-17,-1.0356e-17
-5.1538e-17,-2.3002e-17,-2.1231e-17,8.8435e-17,-2.4265e-17,1.2159e-17,0.040507,-4.1683e-17,2.8722e-17,-3.9476e-17,-3.337e-17,-1.4208e-17,6.069e-18,2.4498e-17,2.4042e-17,-5.468e-18,-1.5816e-17,1.2411e-17,5.1974e-17,-1.5198e-17,1.5346e-17,4.1238e-17,-1.3606e-17,-7.7186e-18,1.4066e-17,1.5149e-18,5.4197e-18,1.8952e-17,-5.4026e-19,5.5597e-17,-3.4176e-17,-1.9645e-17,-2.7233e-17,2.3451e-17,-1.6979e-17,-2.2176e-18,4.1058e-18,-5.8019e-17,-3.7392e-17,-5.3781e-17,3.8412e-17,2.1017e-17,-1.0688e-17,2.2875e-17,-7.1302e-18,3.7861e-17,2.5868e-17,-3.4297e-17,2.8839e-17,-4.731e-18,-2.7049e-18,-1.2231e-17,-6.0789e-17,2.4087e-17,-6.0455e-18,4.0874e-17,-3.3294e-17,6.5369e-18,3.5073e-17,-2.3474e-17,1.3675e-17,-1.5711e-17,-4.4157e-18,-2.8563e-17,-3.2678e-17,-2.3753e-17,1.3777e-17,-9.0798e-18,2.3464e-17,2.8966e-17,-1.5214e-17,1.2997e-17,1.3445e-17,-3.9856e-17,3.0893e-17,6.7053e-17,4.0715e-17,-4.5349e-17,9.0467e-18,1.5358e-17
-4.3063e-17,2.8332e-17,-5.0186e-17,2.2137e-17,-1.7214e-17,2.2592e-17,-4.1567e-17,0.040507,2.8971e-17,7.2037e-18,-3.7411e-18,4.5678e-18,-3.9959e-17,-1.2309e-17,6.3129e-17,2.4704e-17,1.2448e-18,9.7266e-18,3.534e-18,-4.652e-17,1.3696e-17,-1.8088e-17,-4.4377e-18,-2.8979e-17,3.4249e-17,3.5493e-17,-1.0272e-17,8.5033e-18,5.4077e-18,3.8162e-17,2.7632e-17,-1.2611e-17,-1.4e-17,6.5697e-18,1.3826e-17,-8.2448e-18,-2.7606e-17,-3.4785e-17,-2.8143e-17,-2.3557e-17,-1.1733e-17,5.5507e-17,5.4558e-19,8.3162e-18,-3.2098e-17,2.2054e-18,5.6935e-17,2.3566e-17,-2.5207e-18,9.9933e-18,1.6613e-17,1.4386e-17,5.6523e-18,1.2278e-17,2.0368e-17,-1.5556e-17,-3.8911e-17,3.0145e-17,-2.132e-17,-1.455e-17,7.6161e-18,-1.4189e-17,4.5885e-17,2.6391e-18,-5.6389e-17,-5.7244e-17,4.0663e-17,-3.3044e-18,3.2077e-17,1.0721e-17,1.6351e-17,5.7147e-17,1.3555e-17,1.6536e-18,5.7155e-18,4.3096e-17,3.3973e-17,1.7159e-17,-1.1318e-17,-7.0954e-18
6.6103e-17,-4.889e-17,5.3822e-18,-5.3507e-17,3.3872e-17,2.2191e-17,2.9998e-17,2.9308e-17,0.040507,7.0857e-17,5.1523e-18,-3.1166e-18,-6.0575e-18,1.5287e-17,3.185e-17,-3.7923e-17,4.48e-17,-6.8164e-17,4.5359e-17,3.5333e-17,1.7544e-17,3.2658e-17,1.7777e-18,-2.8479e-17,-1.2698e-17,-2.0738e-17,1.639e-17,-1.0189e-17,-3.574e-17,3.4277e-17,6.866e-17,3.6798e-17,2.6273e-17,4.078e-18,1.0355e-17,4.708e-17,1.2477e-17,-6.1408e-18,5.8117e-17,-1.4428e-17,-2.9716e-18,1.0167e-17,-6.0883e-17,-4.1288e-17,2.3399e-17,1.903e-17,2.4415e-17,-3.9283e-18,-2.363e-17,5.2241e-17,-1.8724e-17,5.4413e-18,5.3641e-17,3.2011e-18,4.1954e-17,-2.989e-17,1.1046e-17,-5.6068e-19,3.0149e-17,-4.6557e-17,-4.4084e-17,9.9095e-18,1.2774e-18,-4.5842e-17,2.9374e-17,1.0751e-17,-2.1765e-17,5.934e-17,-5.4722e-18,3.2839e-17,-2.2673e-17,-4.1494e-17,-1.4826e-18,-2.0796e-17,4.2415e-17,1.5017e-18,-7.7371e-18,-3.6666e-17,2.2636e-17,2.8872e-17
-3.4939e-17,1.7559e-17,2.8739e-17,8.0365e-17,-3.9537e-17,5.2563e-18,-3.966e-17,6.5489e-18,7.1012e-17,0.040507,-1.0015e-17,-7.3171e-18,3.0481e-18,2.8737e-17,-4.3931e-17,1.9806e-17,2.0823e-17,-2.0654e-17,2.8567e-17,4.2309e-18,1.6406e-17,8.7027e-18,1.0073e-17,4.7464e-17,-1.8146e-17,3.5854e-18,-1.333e-18,4.0577e-18,-1.0325e-18,-3.3349e-17,-5.0702e-17,-2.5097e-17,5.2003e-18,3.666e-17,-3.4819e-17,-1.8644e-17,2.902e-17,3.3856e-19,1.7819e-17,4.6622e-18,-7.9015e-18,1.4341e-17,2.262e-17,-1.6178e-17,-2.5409e-17,4.0282e-19,-2.8941e-18,-2.0601e-17,1.4059e-17,-8.66e-18,-2.1836e-17,-2.8239e-17,-3.5836e-17,3.6735e-17,-1.7826e-17,3.0496e-17,9.5534e-17,1.0939e-17,3.7934e-17,-2.3327e-17,1.0994e-17,-1.9903e-19,2.2142e-17,1.1848e-17,3.4136e-17,-5.5253e-17,-1.5812e-18,-4.2368e-17,-3.0008e-17,-9.8215e-18,4.5731e-18,6.2816e-17,-2.1137e-17,-2.7287e-17,2.4279e-19,2.4223e-17,-2.4903e-17,-2.1539e-17,-9.1845e-18,3.4377e-17
-1.4174e-17,2.7073e-17,-1.168e-17,-5.9832e-18,3.509e-18,1.0061e-17,-3.3182e-17,-4.0059e-18,5.5606e-18,-1.0568e-17,0.040507,-1.9012e-17,-8.4524e-18,-2.2043e-17,-3.1922e-17,1.0547e-17,-1.4605e-17,-6.1503e-18,1.1574e-17,-7.903e-18,3.8287e-17,-3.6357e-18,1.0157e-17,2.5586e-17,-5.4954e-17,7.8485e-18,2.3474e-17,-2.3964e-17,-3.0476e-18,-2.3363e-17,3.0606e-18,-4.6577e-17,3.0521e-17,4.2138e-17,-6.2784e-18,-9.9142e-18,-1.3914e-17,5.0055e-17,-2.9207e-17,3.8171e-17,-3.4526e-17,3.2889e-17,-1.646e-17,1.8023e-17,-3.5963e-17,-4.4243e-17,-4.173e-18,1.4964e-17,4.6428e-18,-6.7599e-18,-6.1062e-17,-7.012e-18,-1.7685e-17,1.1581e-17,2.1115e-17,-4.4102e-17,1.896e-17,-1.4821e-17,5.3006e-17,-2.9172e-17,-3.3329e-17,7.8461e-18,3.5171e-17,1.8245e-17,-1.0828e-17,2.8129e-18,6.2007e-17,-1.5915e-17,-3.1538e-17,7.6092e-18,3.699e-17,3.5068e-17,-2.0909e-17,2.5344e-17,8.6395e-18,-6.0832e-17,2.8955e-18,-1.8439e-17,-6.2656e-17,-3.3889e-17
-3.5956e-17,3.8476e-17,3.6123e-17,-5.626e-17,-3.8832e-19,-2.5928e-17,-1.4598e-17,4.9496e-18,-4.2865e-18,-7.5366e-18,-1.8761e-17,0.040507,-2.4772e-18,-7.8389e-19,2.6987e-17,-2.3214e-17,2.8631e-18,3.9204e-17,-4.6286e-18,-1.7441e-17,-9.5847e-17,1.7221e-17,7.2386e-17,3.9579e-17,3.1271e-17,8.4564e-18,-1.589e-17,-3.2522e-17,6.8195e-17,1.1523e-17,2.9452e-18,-2.1482e-17,2.1617e-17,-1.4163e-17,2.9185e-17,1.4393e-17,2.553e-17,-2.6339e-17,-7.5785e-17,-2.1777e-17,-4.3339e-18,7.8037e-17,5.4833e-17,1.8187e-17,1.3623e-17,1.4153e-17,-2.1384e-17,-3.6805e-17,6.558e-17,3.2359e-17,-4.501e-18,4.9331e-17,-3.1923e-17,-6.0797e-17,-2.0583e-17,-6.1553e-18,8.8599e-18,3.4342e-17,-1.2819e-17,-2.6812e-19,-4.653e-17,-4.1489e-17,-6.6787e-18,-2.6263e-17,-3.5669e-17,1.5917e-17,-3.4976e-17,2.0774e-17,5.3071e-17,3.04e-17,-1.9225e-18,4.9604e-17,3.4542e-18,-1.9403e-18,-3.1882e-17,-3.0092e-17,9.5065e-18,-2.4966e-17,-2.3454e-17,3.9856e-18
8.2704e-18,-1.7824e-18,-6.7265e-17,8.6565e-17,-2.2816e-17,4.831e-17,6.5389e-18,-3.9972e-17,-6.9945e-18,3.854e-18,-9.2156e-18,-2.8565e-18,0.040507,-2.8288e-17,1.9769e-17,1.7165e-17,3.9946e-17,-2.964e-17,-2.8174e-17,8.3957e-18,-2.5312e-17,4.491e-17,-2.8793e-17,-3.8457e-17,-2.8804e-17,6.5747e-18,-2.3141e-17,8.9797e-18,-4.95e-17,1.9701e-17,1.2428e-17,5.2108e-18,5.3388e-17,8.2622e-18,2.4506e-17,-1.4485e-17,1.831e-17,2.2619e-18,3.2619e-17,-8.6579e-18,4.4008e-17,1.8154e-17,-4.9368e-17,6.2442e-17,-3.0526e-17,5.6273e-17,-4.7231e-17,-3.7028e-17,4.7088e-17,-2.4489e-17,-6.7002e-18,2.5295e-17,-3.5302e-17,-9.1581e-18,-2.556e-17,1.3946e-18,-4.9803e-17,-7.1687e-18,2.7087e-17,1.0964e-17,-3.9787e-17,8.2225e-17,-3.5781e-17,-5.1937e-17,-3.2435e-17,-3.3932e-19,-2.2508e-17,9.7484e-19,-2.4966e-17,-1.6013e-17,1.9531e-17,-1.4976e-17,-1.3066e-17,-4.9108e-17,-1.9031e-17,-3.5958e-17,-1.9903e-17,2.5362e-17,1.7302e-17,3.2259e-17
1.5852e-17,-3.5049e-17,1.7458e-17,3.4086e-17,2.5859e-17,-1.6995e-17,2.4475e-17,-1.2256e-17,1.5984e-17,2.8346e-17,-2.225e-17,-1.231e-18,-2.7751e-17,0.040507,1.0802e-16,-1.1286e-17,5.4499e-17,2.826e-17,1.4756e-17,-1.4449e-17,3.9973e-17,4.3702e-17,-2.0251e-17,-1.5729e-17,3.2433e-17,4.408e-17,-5.0658e-18,-1.6187e-17,-7.1622e-18,9.8647e-18,2.9823e-18,-1.7148e-18,-3.2957e-17,1.9847e-17,1.1943e-17,6.6936e-18,-1.7165e-17,-3.1253e-17,3.3501e-18,-2.0102e-17,-4.659e-19,3.2869e-17,9.5802e-18,-1.2777e-17,3.2713e-17,4.0858e-17,4.938e-17,-1.7897e-18,1.5899e-17,-1.5377e-17,2.7192e-17,2.9629e-17,-1.7363e-18,9.2284e-19,-3.7824e-18,1.5145e-17,-3.5033e-17,4.9291e-17,-2.8661e-17,3.1369e-18,3.3513e-17,3.0913e-18,3.5479e-17,-5.1288e-17,-6.7123e-17,2.2076e-17,2.2114e-17,3.1058e-17,6.6327e-17,-6.9248e-18,1.4585e-17,1.0097e-17,-1.0677e-17,-2.5695e-17,-5.0625e-18,4.4212e-17,-2.7858e-17,-1.4838e-17,4.1442e-17,1.5488e-18
-3.6258e-17,-1.011e-17,2.6053e-17,-2.3412e-18,6.0351e-17,-1.6558e-17,2.4529e-17,6.2854e-17,3.2241e-17,-4.3602e-17,-3.1735e-17,2.6933e-17,2.101e-17,1.0792e-16,0.040507,2.0666e-18,3.1747e-17,2.1793e-17,-2.3156e-18,-2.2686e-18,6.3373e-18,4.8554e-17,2.7447e-17,-1.6408e-17,5.0346e-17,-1.6843e-18,1.9603e-17,-4.8306e-18,6.7792e-17,1.5214e-17,-4.5778e-17,-2.3759e-17,-4.9278e-17,4.3803e-18,1.2258e-17,-1.5699e-17,-6.4434e-17,-5.6441e-17,-3.6902e-17,3.2282e-17,-2.889e-18,-4.115e-18,2.3116e-17,3.0182e-18,2.3359e-17,2.4544e-17,3.8329e-17,-7.5453e-17,-3.3598e-17,1.3733e-17,-1.7103e-17,-3.1255e-17,1.2254e-18,-7.2646e-18,7.995e-18,1.6373e-17,4.4751e-18,3.4443e-17,4.7302e-17,-2.5844e-17,2.0669e-17,-1.2575e-17,-2.9912e-17,-1.8833e-17,1.1839e-18,7.7041e-19,-1.864e-17,4.3271e-17,2.1117e-18,-4.0386e-17,-3.72e-18,3.0663e-17,9.8675e-18,-3.8239e-17,-1.1305e-17,-4.3143e-17,3.7649e-17,-5.6442e-17,2.8745e-17,3.1588e-17
-1.9151e-17,1.9435e-17,4.1577e-18,4.1658e-18,1.9627e-17,1.6809e-17,-5.9721e-18,2.3829e-17,-3.784e-17,1.8429e-17,1.1391e-17,-2.3294e-17,1.625e-17,-1.0772e-17,1.6858e-18,0.040507,-4.4817e-17,-1.8346e-17,7.5179e-17,-2.9638e-17,-4.9944e-17,6.0114e-18,-2.1158e-17,2.9806e-17,-1.1584e-17,-6.6106e-18,1.239e-17,1.4106e-17,-3.3541e-17,5.1322e-17,2.4503e-17,-7.4231e-18,-1.6278e-17,-3.1476e-17,3.7031e-17,-2.7307e-18,7.8515e-17,-3.4485e-17,1.8622e-17,-3.3829e-17,1.7643e-17,5.8766e-17,-7.1407e-17,4.9347e-20,-3.2696e-18,3.4667e-17,-4.3285e-17,1.9279e-17,1.1151e-17,4.3947e-17,8.695e-18,-1.4979e-17,3.8417e-17,-8.0527e-18,-2.0704e-17,-1.0406e-17,2.2208e-17,-7.4528e-18,1.0358e-17,-9.6529e-18,-4.4565e-17,-2.183e-17,-8.5477e-18,6.5741e-17,7.301e-19,2.4164e-17,-2.4452e-17,-3.6076e-17,6.5513e-18,3.3154e-17,2.2439e-17,-1.088e-17,3.3205e-18,-3.7815e-17,-2.4688e-17,2.3349e-17,5.9593e-17,-1.4534e-17,2.1631e-17,4.9341e-18
3.3983e-17,-3.7081e-17,1.3295e-17,-3.0728e-17,-2.8686e-17,3.8245e-17,-1.6941e-17,7.6007e-19,4.4847e-17,2.1283e-17,-1.4823e-17,3.4214e-18,4.2226e-17,5.5142e-17,3.2164e-17,-4.5483e-17,0.040507,4.0884e-17,1.4004e-17,-1.1584e-17,4.942e-17,-9.0507e-18,-1.6718e-18,1.1302e-17,-1.4151e-17,-5.9504e-18,5.8326e-17,3.8577e-17,3.3488e-18,3.0321e-18,6.7237e-18,1.6556e-17,2.2005e-17,-1.629e-17,-1.0242e-17,-2.34e-18,2.0657e-17,-4.4711e-17,-4.1681e-17,1.3147e-18,-4.4857e-17,-2.1103e-18,-1.3141e-17,4.2343e-17,2.1075e-17,-7.7957e-18,7.7588e-17,3.2298e-17,1.5118e-20,1.157e-17,1.1344e-17,-3.1122e-17,5.3317e-17,-1.204e-18,2.1839e-17,3.8213e-17,-3.0484e-17,3.0393e-17,4.5665e-17,9.4431e-19,-1.9238e-17,3.0901e-17,-3.1243e-17,-4.3818e-17,-3.1096e-17,5.0335e-17,-1.386e-17,3.0631e-17,4.0648e-17,2.9008e-17,-3.5744e-17,-1.8167e-17,4.3416e-17,-3.6547e-17,5.4739e-18,-2.1996e-17,6.4975e-18,1.1368e-17,4.8705e-18,2.3297e-17
-2.5138e-17,-4.4802e-17,2.4882e-17,-2.7056e-17,-3.4085e-17,-1.8965e-17,1.13e-17,9.0248e-18,-6.7658e-17,-2.0843e-17,-6.0286e-18,3.9283e-17,-3.0132e-17,2.8335e-17,2.1605e-17,-1.7285e-17,3.9929e-17,0.040507,-2.9394e-17,-1.5113e-17,-2.7588e-17,-1.0897e-17,-1.937e-17,1.8639e-17,-1.3625e-17,-2.8154e-17,-2.1375e-18,2.3321e-17,9.8272e-17,2.7158e-18,-3.8921e-17,-1.4545e-17,-3.457e-17,1.5056e-18,-5.9561e-17,7.1862e-18,-3.532e-17,-1.7253e-17,-3.6678e-17,7.0402e-18,5.3895e-17,-6.0637e-17,2.5741e-17,-1.8063e-17,-3.5053e-17,8.0662e-18,5.4452e-18,9.6859e-18,-7.9622e-18,2.5168e-17,-3.848e-17,-4.2797e-17,-3.686e-17,-3.7962e-17,-1.6636e-17,8.9673e-18,-1.5434e-17,-3.471e-17,-1.9591e-17,4.7276e-17,2.7293e-17,-2.9805e-17,-1.7446e-17,-4.5297e-18,-6.5841e-18,2.0302e-17,3.4829e-18,-5.7496e-17,2.7696e-17,-3.2769e-17,2.5123e-17,-4.371e-17,-3.5982e-17,2.8322e-17,-1.6874e-17,-1.9774e-18,2.9625e-18,4.7923e-17,-3.7523e-17,8.1162e-18
5.0826e-18,1.4614e-18,-2.0184e-17,-2.7163e-17,6.021e-17,2.1617e-17,5.1985e-17,2.7374e-18,4.5584e-17,2.8174e-17,1.1885e-17,-3.5581e-18,-2.8384e-17,1.4851e-17,-2.7951e-18,7.5054e-17,1.3389e-17,-2.9884e-17,0.040507,-3.6557e-17,4.5906e-17,-1.6012e-17,-6.4125e-17,3.2612e-17,-3.3957e-17,-2.862e-18,9.9273e-18,-4.1463e-17,5.2147e-17,-5.5338e-17,-2.1393e-17,1.974e-17,-3.9666e-17,7.3565e-17,-2.3494e-17,-1.4602e-18,-5.8761e-17,8.7589e-17,4.3709e-17,5.6932e-17,-6.0605e-17,-3.1112e-18,3.5446e-17,-5.3068e-17,-1.7319e-17,-1.6762e-17,-1.1073e-17,-3.979e-17,-3.464e-17,-2.5859e-17,-7.5709e-17,1.6582e-17,7.1814e-17,-4.8972e-17,5.2496e-17,-9.4057e-18,-9.6042e-18,-4.4019e-18,-7.9419e-18,2.1795e-17,4.1975e-17,8.2804e-18,-4.8618e-17,3.7733e-17,-2.66e-17,5.7307e-18,1.6714e-17,-1.691e-17,-4.0214e-17,-4.3046e-17,1.7664e-18,5.5279e-17,-2.3109e-17,3.5373e-17,-4.8556e-17,-4.4011e-17,3.6901e-17,-4.614e-17,-3.428e-17,7.241e-19
-5.8663e-18,-3.0016e-17,5.2734e-18,3.0462e-17,-1.0375e-17,5.2384e-17,-1.4577e-17,-4.5465e-17,3.5542e-17,3.817e-18,-7.9032e-18,-1.7434e-17,7.964e-18,-1.4452e-17,-2.3826e-18,-2.9422e-17,-1.1533e-17,-1.5778e-17,-3.654e-17,0.040507,-1.0009e-17,9.583e-18,-3.6356e-17,2.6647e-17,-1.8689e-17,-1.7536e-18,3.9143e-17,4.6165e-17,-2.3018e-17,-1.1739e-17,1.4089e-18,1.5411e-17,2.7045e-17,3.1937e-18,-1.0524e-17,-1.3329e-17,-1.6958e-17,-3.1791e-17,-2.3163e-17,-1.9065e-17,-2.3824e-17,-2.067e-17,1.208e-17,-3.0726e-17,4.2209e-17,-1.9593e-17,3.0079e-17,1.6684e-17,-3.5114e-17,1.1914e-17,-1.995e-18,-8.3491e-18,3.4943e-17,-5.5063e-17,6.1389e-18,-7.0169e-19,-3.0065e-17,4.5269e-17,1.0236e-17,4.6527e-18,3.3522e-17,1.188e-17,-1.1381e-17,1.7382e-17,-2.3451e-17,-3.4459e-17,-1.4007e-18,2.8673e-17,-1.7713e-17,2.3311e-17,-2.7906e-17,1.298e-17,2.4876e-17,-4.379e-17,-2.3407e-17,1.5684e-17,1.7049e-17,-3.8799e-18,2.0352e-17,-8.3832e-18
-5.427e-17,3.8716e-18,-3.0676e-17,-6.7431e-17,-1.7487e-17,-8.2213e-18,1.6062e-17,1.3987e-17,1.7701e-17,1.5107e-17,3.8199e-17,-9.6589e-17,-2.6185e-17,4.0317e-17,6.7671e-18,-5.064e-17,4.9886e-17,-2.7284e-17,4.5197e-17,-1.0732e-17,0.040507,6.764e-17,-6.378e-17,-1.311e-17,2.2317e-17,2.0559e-17,-5.896e-18,-2.2227e-17,-8.6741e-17,-1.0492e-16,9.8643e-19,6.6595e-17,-2.5367e-17,8.143e-18,-1.0939e-17,-5.6635e-18,2.0439e-18,2.4701e-17,4.8079e-18,3.5514e-17,-2.9161e-19,-3.8173e-17,-2.5762e-17,-1.2445e-17,5.279e-17,-2.62e-17,2.0992e-17,3.5936e-17,3.3539e-17,1.416e-17,-1.5369e-17,-1.7648e-17,2.5192e-17,-2.4243e-17,3.1912e-18,-2.7236e-17,3.9077e-17,2.0279e-17,-3.7498e-17,1.7773e-17,5.2452e-17,-5.8732e-17,3.5227e-17,9.6379e-18,3.6261e-18,-3.5747e-17,1.312e-17,6.0384e-17,-2.9683e-17,4.9994e-17,4.7164e-17,-4.1143e-17,5.1795e-17,-5.8191e-17,5.0617e-18,3.3191e-17,-2.9548e-17,-1.2595e-17,4.2756e-17,1.4893e-17
1.0006e-16,-3.4724e-17,-8.8273e-18,-1.5533e-17,5.1686e-18,-3.1261e-17,4.1267e-17,-1.8567e-17,3.3604e-17,8.9513e-18,-4.8979e-18,1.7335e-17,4.5597e-17,4.4353e-17,4.7806e-17,6.6047e-18,-9.1161e-18,-1.0563e-17,-1.6484e-17,8.7323e-18,6.7027e-17,0.040507,-2.3639e-17,-6.8283e-18,2.9148e-17,5.1703e-17,-1.0345e-17,5.9793e-17,-4.0324e-17,2.185e-17,5.7316e-17,4.9965e-17,2.381e-17,-6.5631e-17,3.364e-17,-1.6183e-17,-7.0399e-17,2.8364e-17,1.0897e-17,-6.3174e-18,-5.9858e-17,-8.0414e-17,9.1455e-18,-3.7544e-17,3.6392e-17,-4.5916e-17,8.184e-17,4.2401e-18,-7.1838e-17,3.1383e-17,1.4244e-17,2.1574e-17,7.1946e-17,-3.5638e-17,6.1634e-18,1.3692e-17,-3.9708e-18,5.3441e-17,-1.7796e-17,-5.0192e-18,2.1598e-17,6.5104e-17,-1.3299e-17,-4.0749e-17,-3.9707e-17,2.588e-17,-7.1919e-17,-3.0671e-17,1.282e-17,1.4605e-17,-3.0487e-17,3.5401e-18,-6.6028e-17,2.6635e-17,1.977e-17,1.0653e-17,5.8069e-18,3.7098e-17,5.3911e-17,-1.7892e-17
-5.1389e-17,-6.1484e-18,-3.2004e-17,-1.9133e-17,-4.4863e-17,-1.6627e-17,-1.3711e-17,-4.8677e-18,2.2676e-18,1.0076e-17,9.8824e-18,7.1515e-17,-2.8916e-17,-2.0628e-17,2.626e-17,-2.1473e-17,-2.0431e-18,-1.8938e-17,-6.3411e-17,-3.545e-17,-6.4288e-17,-2.3878e-17,0.040507,2.1214e-17,3.8799e-17,-1.2242e-17,-5.3692e-17,2.2584e-17,5.4209e-18,2.1696e-17,-1.6556e-17,2.9922e-17,1.224e-18,-3.9708e-17,1.7568e-17,-3.4105e-17,-4.4186e-17,-5.9604e-17,-4.9656e-17,-2.9323e-17,-7.9453e-18,-5.3089e-17,5.0829e-17,-2.8376e-20,3.0762e-17,-4.5654e-17,4.2262e-17,-1.3557e-17,-2.0498e-17,2.602e-17,2.1495e-17,5.3171e-17,-6.9496e-17,-3.7696e-17,1.7708e-17,-4.2205e-18,3.9121e-18,2.2376e-17,-6.5374e-18,-1.4028e-17,-5.9568e-18,-1.1053e-21,-9.4084e-18,-3.8296e-17,-1.766e-17,-6.8288e-18,-2.0742e-17,1.5319e-17,3.7852e-17,4.0866e-17,-3.2481e-18,-1.4839e-17,3.3447e-17,-1.908e-17,-8.0685e-18,2.0479e-17,1.4761e-18,4.1302e-17,-1.3054e-17,7.8078e-18
3.4878e-17,2.6705e-18,8.6244e-18,-1.4914e-17,2.4371e-17,5.3753e-19,-7.8716e-18,-2.8803e-17,-2.8508e-17,4.7999e-17,2.556e-17,3.8815e-17,-3.8377e-17,-1.5862e-17,-1.7487e-17,3.038e-17,1.1305e-17,1.8753e-17,3.2519e-17,2.6661e-17,-1.2262e-17,-7.1632e-18,2.0742e-17,0.040507,8.8849e-18,2.5071e-17,-2.9153e-17,-3.3222e-17,-3.1505e-17,1.7783e-17,3.7778e-18,1.8981e-17,-2.0441e-17,-1.9131e-18,6.4449e-18,5.4512e-18,1.0291e-17,-2.5202e-17,3.2327e-17,-1.2067e-17,-1.2613e-17,3.9764e-17,-2.5054e-17,-1.6468e-17,2.8739e-17,1.4089e-17,-1.7038e-17,-2.1102e-17,4.708e-17,-1.2749e-17,5.662e-17,-3.3028e-17,4.6802e-18,-2.4875e-17,5.0165e-17,-2.6531e-17,1.0346e-17,1.3351e-17,-9.1238e-18,3.2987e-17,-4.3137e-17,-3.4808e-17,3.5687e-17,3.2787e-17,3.9229e-17,1.0735e-17,-1.4134e-17,2.3782e-17,3.3319e-17,-2.7933e-17,-1.1692e-17,-1.4455e-17,2.2671e-17,1.9169e-17,3.2766e-17,4.2801e-17,7.0185e-18,1.3851e-17,-6.3744e-18,-2.4517e-17
-5.7273e-18,-7.6542e-18,-3.0726e-17,-6.9824e-18,1.1763e-17,-1.5623e-17,1.3854e-17,3.4585e-17,-1.2666e-17,-1.8787e-17,-5.4601e-17,3.1266e-17,-2.8138e-17,3.2083e-17,5.0257e-17,-1.2417e-17,-1.4559e-17,-1.3209e-17,-3.3538e-17,-1.8826e-17,2.3061e-17,2.9609e-17,3.7672e-17,9.2581e-18,0.040507,-6.253e-17,-2.0134e-17,-3.0414e-17,-3.8943e-18,3.2269e-17,2.5427e-17,3.5781e-17,1.0775e-17,1.6628e-17,-6.3257e-18,-9.4941e-18,-2.4424e-17,1.3777e-17,-2.6498e-17,9.0268e-18,2.92e-17,-2.9114e-17,3.2163e-17,1.7548e-17,-4.4033e-17,2.521e-17,1.186e-18,-2.5987e-18,-2.735e-17,1.1483e-17,-1.2589e-17,3.8265e-17,-3.8095e-17,-4.2389e-18,3.2048e-18,2.0187e-17,-3.3115e-18,8.4267e-18,2.1423e-17,-2.9181e-17,-1.3771e-17,2.7614e-17,-1.8077e-17,2.2256e-17,4.1275e-17,-1.4904e-17,-4.1997e-18,8.5437e-17,1.3792e-18,2.2637e-17,-3.1768e-18,8.9891e-18,1.3431e-18,-2.633e-17,4.4014e-17,-3.5113e-17,1.2901e-17,1.2032e-18,2.7514e-17,9.724e-18
-2.6788e-17,-8.2158e-18,-5.2857e-17,4.6089e-17,5.9966e-18,-3.1656e-17,1.9948e-18,3.6245e-17,-2.0412e-17,3.97e-18,8.2553e-18,8.133e-18,6.8463e-18,4.3849e-17,-1.4148e-18,-7.2345e-18,-6.4805e-18,-2.8131e-17,-1.76e-18,-1.6458e-18,2.0184e-17,5.1835e-17,-1.2469e-17,2.4227e-17,-6.3641e-17,0.040507,3.6975e-17,-1.1775e-17,1.7128e-17,-7.2689e-18,-8.1077e-18,-2.7755e-17,-1.3951e-17,3.1208e-17,-4.7919e-17,-5.7005e-18,1.414e-18,1.5927e-17,3.7605e-17,9.6053e-18,8.9083e-18,-2.1373e-17,-1.7021e-17,5.0152e-18,-2.1381e-18,3.3489e-17,5.3914e-18,3.5415e-18,-3.184e-18,1.9332e-17,-5.0565e-17,-2.3574e-17,4.5073e-17,1.2688e-17,-2.6582e-17,2.2607e-17,2.1041e-18,-1.3216e-17,2.6523e-17,2.1807e-17,3.2009e-17,-1.4838e-17,-5.7603e-17,2.4985e-17,-1.9269e-17,1.8124e-17,1.5378e-17,-4.032e-18,-1.7732e-17,1.2019e-17,-1.3018e-17,7.2107e-18,-4.7442e-18,-2.1365e-18,1.0548e-17,-3.3328e-17,4.0916e-18,-4.5741e-17,-5.238e-18,8.7552e-18
4.5735e-18,1.0833e-17,4.0779e-17,5.1315e-17,1.9317e-17,-3.5537e-17,5.4622e-18,-9.8874e-18,1.5862e-17,-1.2108e-18,2.3657e-17,-1.5651e-17,-2.357e-17,-4.7518e-18,1.925e-17,1.2137e-17,5.8182e-17,-2.42e-18,1.0807e-17,3.9013e-17,-6.49e-18,-1.0333e-17,-5.4175e-17,-2.8033e-17,-1.991e-17,3.575e-17,0.040507,5.8297e-17,-2.0268e-17,-3.5032e-17,2.1512e-17,-1.2532e-17,-4.0804e-17,-3.3645e-19,-1.7403e-17,-1.6738e-17,3.7768e-17,1.1624e-18,2.2929e-17,-6.9237e-18,2.5818e-17,1.2952e-17,2.4037e-17,-7.7008e-18,-4.4145e-17,2.2019e-17,-5.9346e-17,-1.7496e-18,2.0335e-20,-5.7961e-17,-6.5935e-19,-2.2681e-17,2.165e-17,2.0756e-17,3.8446e-17,-7.7158e-18,-1.5152e-17,-4.7545e-17,-5.2777e-17,2.3201e-17,-8.3573e-18,-1.7397e-17,5.4579e-17,3.0986e-17,3.424e-17,2.7822e-17,8.8141e-18,3.3113e-18,3.7802e-17,-1.7032e-17,1.8642e-17,3.0549e-17,-2.4379e-17,9.0288e-18,1.0895e-17,5.338e-17,-4.9969e-17,5.8327e-18,2.1507e-17,4.556e-18
-4.1618e-17,2.2185e-17,-1.64e-17,3.3174e-17,-4.6845e-17,-6.4052e-17,1.773e-17,7.6071e-18,-9.4712e-18,3.9551e-18,-2.4551e-17,-3.1858e-17,9.3619e-18,-1.6547e-17,-4.6324e-18,1.3646e-17,3.7814e-17,2.2828e-17,-4.1446e-17,4.6506e-17,-2.3043e-17,6.2338e-17,2.2773e-17,-3.276e-17,-2.9509e-17,-1.1365e-17,5.8271e-17,0.040507,-4.7619e-18,1.9973e-17,-5.2977e-17,5.5694e-18,1.7805e-17,5.4626e-17,6.2307e-17,-3.6907e-17,3.1177e-18,-8.8913e-19,-4.5543e-17,1.1415e-17,-2.5329e-17,2.7374e-17,-4.4405e-18,4.6855e-17,3.8415e-17,2.8192e-17,-4.7571e-17,-4.5419e-17,4.1059e-17,-3.476e-17,8.8607e-18,1.6359e-17,-3.1297e-17,3.2047e-17,-1.0956e-17,-4.3367e-17,3.6021e-17,-6.5905e-18,3.9653e-17,2.6905e-17,9.3437e-18,2.5561e-17,3.398e-17,-1.5132e-17,-8.307e-18,7.9708e-18,3.0432e-17,-5.0263e-17,5.1191e-18,-7.5109e-19,2.1004e-17,1.7635e-17,-5.1845e-18,2.4946e-17,-1.3614e-17,9.4468e-18,1.9993e-17,-7.439e-18,-9.401e-18,-2.0988e-17
6.9865e-17,5.0005e-17,8.6555e-17,-2.9977e-17,1.809e-18,1.3334e-17,3.6043e-19,5.9162e-18,-3.5923e-17,-8.6054e-19,-3.1268e-18,6.8048e-17,-4.9199e-17,-7.2514e-18,6.7176e-17,-3.4163e-17,3.247e-18,9.7994e-17,5.3024e-17,-2.4193e-17,-8.5791e-17,-4.023e-17,5.8209e-18,-3.3214e-17,-3.7264e-18,1.7485e-17,-2.0487e-17,-5.1789e-18,0.040507,-1.3838e-17,3.426e-17,-4.7831e-17,-4.4107e-17,-8.0708e-17,-5.2572e-18,2.2145e-17,5.3067e-17,1.5018e-17,-1.4498e-17,-1.0221e-16,5.8106e-17,8.5403e-17,6.4734e-18,-1.9468e-17,1.1247e-17,-9.1639e-18,2.2042e-17,-3.404e-18,-8.7734e-18,2.8007e-17,1.6883e-17,1.5109e-17,1.1059e-17,7.1595e-18,-2.6018e-17,2.4835e-18,1.2476e-17,-3.4642e-17,-9.1819e-17,-7.1387e-18,3.5305e-17,-2.4878e-17,3.2445e-17,1.1697e-17,-1.9325e-17,-3.2861e-18,-6.4146e-17,-1.8063e-17,5.7204e-17,3.5773e-17,3.0457e-17,-6.6071e-17,-4.3777e-17,3.177e-17,-1.3738e-17,-2.7553e-18,6.0442e-18,-7.3883e-18,-5.4552e-17,-8.1211e-18
-4.93e-19,3.3735e-17,-3.0116e-17,-1.6248e-17,-1.1314e-17,-2.7769e-17,5.5431e-17,3.9505e-17,3.4461e-17,-3.3177e-17,-2.2899e-17,1.2462e-17,1.9581e-17,9.6116e-18,1.5776e-17,5.2731e-17,2.6709e-18,9.848e-19,-5.4559e-17,-1.2117e-17,-1.0424e-16,2.1588e-17,2.1507e-17,1.8305e-17,3.1717e-17,-7.1473e-18,-3.5747e-17,1.9506e-17,-1.3075e-17,0.040507,-4.2928e-17,-7.9052e-17,-4.1904e-17,-6.6152e-18,3.6778e-17,-4.7897e-17,7.1057e-18,-6.6539e-17,-3.6804e-17,-2.2869e-17,-1.045e-17,6.4403e-18,4.9705e-17,2.5193e-17,-6.5672e-17,-2.34e-17,-8.149e-17,-2.393e-17,-2.041e-17,-2.5153e-17,2.1501e-17,-2.2028e-17,3.5538e-17,5.4665e-17,-2.454e-17,1.554e-17,1.7308e-18,-3.8348e-17,1.2874e-17,2.3301e-17,2.3402e-17,2.0128e-17,-4.1083e-17,1.8294e-17,1.8913e-17,-1.0613e-17,-9.5087e-18,-5.7496e-17,2.3689e-17,-6.5586e-17,-2.8219e-17,5.8307e-17,-1.4166e-17,-1.9358e-17,-4.4603e-17,8.6488e-18,-3.6053e-17,1.2114e-17,3.0061e-18,1.9308e-17
-6.3075e-17,1.1869e-17,-6.5113e-17,4.93e-17,8.5616e-18,-1.5533e-17,-3.4215e-17,2.6782e-17,6.8213e-17,-4.9594e-17,3.6259e-18,3.2352e-18,1.3403e-17,2.7697e-18,-4.6201e-17,2.3596e-17,7.2197e-18,-3.8646e-17,-2.258e-17,1.4609e-18,1.3667e-18,5.7887e-17,-1.654e-17,4.1414e-18,2.53e-17,-7.6607e-18,2.1524e-17,-5.2328e-17,3.4485e-17,-4.2833e-17,0.040507,1.8849e-17,-7.0049e-18,6.2055e-17,3.9902e-17,-3.7546e-17,-3.4515e-17,-1.5967e-17,9.6407e-18,3.6802e-17,-1.9471e-17,-8.3763e-18,3.1874e-17,6.098e-18,6.8396e-17,-5.5092e-18,4.7825e-18,-7.6838e-17,1.1855e-17,-2.7051e-17,3.0149e-17,2.6989e-17,-5.7066e-17,1.5896e-17,1.6612e-17,3.8514e-17,-9.596e-18,6.498e-17,-3.267e-17,-1.8472e-17,-1.0284e-17,-2.3541e-17,3.3254e-18,2.1457e-18,4.1507e-17,-1.7182e-17,-6.513e-18,4.6255e-17,-3.9145e-17,-5.1039e-18,4.4706e-18,2.2838e-17,-2.2484e-17,-6.7518e-17,-4.4501e-18,7.4072e-18,4.9916e-17,-6.3523e-17,8.0764e-17,5.6823e-18
-2.6607e-17,-3.2671e-17,-4.8671e-17,-1.9695e-17,-1.8465e-17,-2.6981e-18,-1.9748e-17,-1.2516e-17,3.65e-17,-2.4876e-17,-4.6069e-17,-2.2289e-17,5.2696e-18,-1.7789e-18,-2.3197e-17,-8.3274e-18,1.6411e-17,-1.4575e-17,2.0826e-17,1.5593e-17,6.6366e-17,4.9098e-17,2.9258e-17,1.8611e-17,3.5267e-17,-2.9011e-17,-1.2475e-17,3.3556e-18,-4.6907e-17,-7.8271e-17,1.8899e-17,0.040507,2.7839e-17,3.158e-17,-2.4723e-17,1.2568e-17,-3.5531e-17,3.1194e-17,-2.582e-17,2.7762e-17,-3.959e-18,1.6077e-17,5.7083e-18,-7.5198e-18,1.2039e-17,-4.4288e-17,3.161e-17,1.701e-17,1.6059e-17,-3.8139e-17,1.203e-17,4.2313e-19,-2.5596e-17,4.1047e-17,-2.6359e-17,4.1087e-17,-6.9015e-18,3.969e-17,5.6384e-18,-3.9399e-17,6.0742e-18,-4.4504e-18,2.709e-17,3.1227e-18,4.1234e-17,-7.7064e-18,1.138e-17,8.3512e-17,-3.3378e-17,5.0739e-18,-2.2431e-17,-1.521e-17,2.7925e-17,-6.5487e-17,-1.5915e-17,-3.0919e-17,-4.7186e-17,2.2381e-17,1.8066e-17,-2.2196e-17
-4.0479e-17,-1.6917e-17,-3.6337e-18,7.0999e-17,-2.3833e-17,3.2148e-18,-2.7433e-17,-1.3737e-17,2.5984e-17,4.7463e-18,3.041e-17,2.1935e-17,5.3935e-17,-3.3251e-17,-5.0393e-17,-1.6578e-17,2.2532e-17,-3.4463e-17,-3.9174e-17,2.7248e-17,-2.5601e-17,2.3482e-17,2.0845e-18,-2.1426e-17,1.1114e-17,-1.3426e-17,-3.9925e-17,1.7894e-17,-4.3847e-17,-4.2092e-17,-7.0355e-18,2.7836e-17,0.040507,3.3042e-17,-3.2692e-17,-3.2858e-17,2.7603e-17,-1.1991e-17,4.0698e-17,-1.945e-17,3.2336e-17,-3.4593e-17,-7.546e-18,3.456e-17,4.2046e-17,-2.1498e-17,-1.0796e-17,-2.5432e-17,-2.6765e-17,-2.9121e-17,-2.5735e-18,2.5471e-17,-1.2968e-17,-4.3064e-17,-3.0982e-17,1.62e-17,-4.6178e-17,1.8735e-17,-1.1029e-17,1.996e-18,-4.6048e-18,-1.5334e-18,2.4194e-17,1.3961e-17,-5.6721e-17,-1.8917e-17,-6.2782e-17,-4.037e-17,1.9741e-17,-8.9371e-18,1.7908e-17,3.2451e-17,1.42e-17,1.4591e-17,1.051e-17,-3.5821e-17,9.6035e-20,1.2997e-17,5.9406e-18,1.1575e-17
3.1918e-17,1.3897e-17,3.1338e-17,-2.4433e-18,3.6581e-19,-1.8232e-17,2.1935e-17,6.984e-18,3.4618e-18,3.8808e-17,4.2457e-17,-1.3829e-17,9.0432e-18,1.8867e-17,5.5082e-18,-3.1544e-17,-1.6448e-17,1.9208e-18,7.3161e-17,3.9053e-18,8.1178e-18,-6.5634e-17,-4.0216e-17,-2.5513e-18,1.5544e-17,3.1413e-17,1.4056e-18,5.4424e-17,-8.1678e-17,-6.5954e-18,6.259e-17,3.1567e-17,3.2591e-17,0.040507,-1.1223e-17,1.4973e-17,5.9182e-17,-3.4456e-18,2.1681e-17,-1.2285e-17,-1.4062e-17,-3.2205e-17,-5.3315e-17,1.3582e-17,-7.9476e-19,7.3807e-18,-6.6546e-18,5.7469e-17,4.1881e-17,3.4875e-17,4.5767e-17,-3.615e-17,7.5546e-17,-1.0234e-17,4.8799e-18,3.4148e-17,-2.2808e-18,-1.7924e-17,-4.37e-17,-1.3442e-17,2.3848e-17,1.985e-17,4.5489e-17,4.5811e-17,9.5266e-17,4.8879e-17,3.3225e-17,-1.8731e-17,1.5124e-17,2.836e-17,-1.3551e-17,-4.0392e-17,4.1342e-18,-2.8739e-17,-1.6593e-17,2.2465e-17,2.428e-17,3.7813e-17,2.8712e-17,-5.3735e-17
-3.4401e-18,2.9222e-17,-1.8965e-17,5.0312e-17,-1.0153e-17,-8.8275e-18,-1.6176e-17,1.351e-17,9.2108e-18,-3.3952e-17,-5.7578e-18,2.9396e-17,2.4057e-17,1.1838e-17,1.2266e-17,3.7584e-17,-1.0186e-17,-5.9154e-17,-2.3749e-17,-1.0484e-17,-9.6344e-18,3.386e-17,1.8117e-17,6.7018e-18,-7.0107e-18,-4.8613e-17,-1.8027e-17,6.1559e-17,-4.9138e-18,3.6687e-17,3.9299e-17,-2.5148e-17,-3.2705e-17,-1.1211e-17,0.040507,-1.5181e-17,-3.118e-18,-2.6821e-17,2.6225e-17,-3.1544e-17,8.2123e-18,-1.6606e-17,1.4513e-19,6.8711e-19,-1.1679e-17,-4.4047e-18,-2.4122e-17,1.5092e-17,-3.5115e-17,2.7608e-18,3.338e-17,3.0876e-17,4.9333e-18,-7.9103e-18,1.2545e-17,7.706e-17,-4.2572e-17,-1.6401e-17,6.8065e-18,-1.472e-17,-2.3073e-17,3.9954e-17,-1.5948e-17,3.9432e-18,2.6233e-17,-1.5933e-17,3.6352e-18,2.3304e-17,-1.8938e-17,2.2987e-17,-5.7798e-17,2.0146e-17,2.5192e-17,-3.2063e-17,1.1659e-17,-6.7824e-18,-1.1187e-17,-1.4316e-18,5.1386e-17,7.8492e-17
3.1844e-17,3.31e-17,1.5916e-17,-3.639e-17,3.2256e-17,1.1561e-17,-2.5951e-19,-8.271e-18,4.6652e-17,-1.9281e-17,-1.0324e-17,1.5068e-17,-1.3995e-17,6.7726e-18,-1.565e-17,-3.0773e-18,-2.744e-18,8.4629e-18,-2.2121e-18,-1.2934e-17,-4.9584e-18,-1.6273e-17,-3.3206e-17,5.7334e-18,-9.4039e-18,-4.7478e-18,-1.7515e-17,-3.6826e-17,2.1626e-17,-4.6597e-17,-3.7504e-17,1.1657e-17,-3.372e-17,1.2964e-17,-1.5831e-17,0.040507,2.448e-17,5.5868e-17,8.0783e-18,-2.1263e-17,-2.0424e-17,1.6146e-17,1.5262e-17,-1.904e-17,-2.1253e-17,3.4475e-18,2.8755e-17,1.4731e-17,4.5397e-17,3.7662e-17,-2.8763e-17,-1.3675e-18,-1.5813e-17,-3.9472e-17,-4.7383e-17,2.9416e-17,3.8593e-17,1.0952e-18,-1.8477e-17,-3.1994e-17,2.9913e-18,-1.0472e-17,-2.0712e-17,1.0328e-18,-2.9232e-17,-3.8419e-18,-6.3446e-18,7.3363e-17,-2.15e-17,1.9994e-18,2.9275e-17,-4.6184e-17,1.7085e-20,-4.3006e-17,-8.8748e-18,-3.1758e-17,-7.8073e-18,-4.0854e-17,-6.4295e-18,1.0004e-17
7.8371e-17,2.644e-17,8.1527e-17,-1.0184e-16,7.4142e-17,2.0243e-17,4.2033e-18,-2.7857e-17,1.3239e-17,2.9501e-17,-1.3714e-17,2.5195e-17,1.8111e-17,-1.7065e-17,-6.4504e-17,7.712e-17,1.9955e-17,-3.4936e-17,-5.9687e-17,-1.6473e-17,2.571e-18,-7.0582e-17,-4.3786e-17,1.0494e-17,-2.3329e-17,5.0548e-19,3.7331e-17,4.4063e-18,5.4799e-17,7.4826e-18,-3.4075e-17,-3.5965e-17,2.7652e-17,5.894e-17,-2.7269e-18,2.4468e-17,0.040507,7.6845e-17,5.8844e-17,7.7678e-17,-4.815e-17,7.3754e-18,4.745e-17,-7.2404e-17,-5.8897e-17,2.8981e-17,-1.8979e-17,-6.7548e-17,-5.1119e-17,-3.3825e-17,-7.9278e-17,-2.2828e-17,9.615e-17,-5.9312e-17,1.4432e-17,-2.7804e-17,-1.7235e-17,-1.7569e-17,-2.3093e-17,-3.1094e-17,-4.4867e-17,4.5634e-17,-7.6442e-17,-4.671e-18,-2.4465e-17,3.0868e-17,3.2719e-17,6.8734e-17,-2.6487e-17,-1.3436e-16,-3.6026e-17,4.3503e-17,3.8939e-17,3.4307e-17,-5.8167e-18,-4.6942e-17,-8.4518e-18,-3.9071e-17,-6.5848e-17,-1.4814e-17
-4.7927e-17,1.1643e-17,2.6391e-17,-9.4706e-18,3.861e-19,3.0887e-17,-5.8361e-17,-3.4579e-17,-6.2396e-18,1.1605e-18,4.8376e-17,-2.6988e-17,2.1542e-18,-3.1226e-17,-5.6388e-17,-3.535e-17,-4.4675e-17,-1.7585e-17,8.7569e-17,-3.2866e-17,2.4764e-17,2.8343e-17,-6.0271e-17,-2.6242e-17,1.3547e-17,1.5875e-17,7.9327e-19,-2.1462e-18,1.5389e-17,-6.6557e-17,-1.5884e-17,3.029e-17,-1.2284e-17,-3.9094e-18,-2.6731e-17,5.5968e-17,7.6331e-17,0.040507,4.7945e-17,-4.8172e-17,4.2156e-17,3.0023e-17,-2.7397e-17,1.8609e-17,4.5603e-17,2.1187e-17,3.9129e-19,7.3821e-17,1.0279e-16,3.0792e-17,2.8947e-17,-1.8957e-17,-5.3073e-17,-9.8377e-18,-1.9219e-17,6.7641e-18,2.8206e-17,3.3719e-17,-1.4914e-17,-3.8302e-17,-1.7078e-17,-7.2277e-17,6.4939e-17,2.3417e-17,-9.8104e-18,-2.4293e-17,-5.3655e-19,-2.8374e-17,1.6168e-18,2.7141e-17,2.0286e-17,-7.5311e-17,2.6504e-17,-8.1104e-17,-1.3032e-17,5.5568e-17,7.804e-18,-6.8958e-18,6.8572e-18,1.2574e-17
3.0904e-17,6.2178e-17,4.8067e-17,-2.1654e-17,2.4226e-17,2.0911e-17,-3.7784e-17,-2.8517e-17,5.7579e-17,1.8333e-17,-2.8969e-17,-7.5896e-17,3.2984e-17,2.7485e-18,-3.8782e-17,1.8193e-17,-4.166e-17,-3.7856e-17,4.4154e-17,-2.282e-17,4.9166e-18,1.0931e-17,-5.0356e-17,3.2363e-17,-2.5531e-17,3.8015e-17,2.2282e-17,-4.5652e-17,-1.3927e-17,-3.6882e-17,1.04e-17,-2.464e-17,4.1081e-17,2.0803e-17,2.658e-17,8.132e-18,5.8165e-17,4.8929e-17,0.040507,-2.0752e-17,-1.4758e-17,3.1593e-17,2.4549e-18,-9.11e-18,-1.3682e-17,1.1099e-17,5.7763e-18,-6.0637e-18,6.9139e-17,-4.3854e-17,-1.7328e-17,-3.1735e-17,2.5639e-17,2.2584e-17,3.7084e-18,1.8093e-17,5.4922e-20,2.4107e-17,4.8736e-17,-6.4616e-17,-3.659e-18,1.8317e-17,2.5857e-17,1.6846e-17,1.7495e-17,-2.6087e-17,6.9955e-17,2.9029e-17,-4.0565e-17,-4.5142e-17,-1.5097e-17,5.387e-17,3.68e-17,-8.1633e-17,-1.0649e-17,-1.281e-17,4.2442e-17,-2.8995e-17,6.3241e-18,-2.2983e-17
9.0962e-18,2.6292e-17,-4.8426e-18,3.1063e-17,-5.8687e-17,1.986e-17,-5.3538e-17,-2.3768e-17,-1.3721e-17,5.0804e-18,3.8491e-17,-2.1922e-17,-9.0311e-18,-2.0718e-17,3.2306e-17,-3.2978e-17,8.4219e-19,7.4178e-18,5.728e-17,-1.8482e-17,3.4504e-17,-5.7364e-18,-2.8449e-17,-1.2043e-17,7.6983e-18,9.8936e-18,-6.5873e-18,1.2169e-17,-1.0272e-16,-2.2289e-17,3.6316e-17,2.8276e-17,-1.9386e-17,-1.1797e-17,-3.1256e-17,-2.0527e-17,7.7957e-17,-4.8083e-17,-2.0755e-17,0.040507,2.849e-17,1.733e-17,-1.5454e-17,-4.115e-17,-2.8539e-18,3.0509e-17,-7.6417e-17,9.1899e-17,4.9648e-17,4.3617e-17,5.6899e-17,-3.1455e-17,2.8696e-18,7.3476e-18,9.5565e-18,2.5689e-17,3.2641e-17,-2.5752e-18,7.576e-18,-2.3766e-17,2.2565e-17,-1.5205e-17,5.0755e-17,4.7757e-17,-8.6062e-18,-3.5246e-17,8.2084e-17,-6.3794e-18,-4.3277e-18,5.3488e-17,4.3949e-17,-1.4723e-18,1.194e-17,-2.4936e-17,-2.071e-18,4.2986e-17,-2.5947e-17,2.0607e-17,2.7456e-17,-2.4506e-17
-1.6018e-17,-6.3413e-19,-2.1032e-18,-8.2185e-18,-4.1617e-17,-3.3756e-17,3.7985e-17,-1.0867e-17,-3.9154e-18,-8.5888e-18,-3.5154e-17,-3.2767e-18,4.4393e-17,-1.949e-19,-3.7226e-18,1.7186e-17,-4.5113e-17,5.3796e-17,-6.0623e-17,-2.3797e-17,-4.0631e-19,-6.0071e-17,-8.8069e-18,-1.1556e-17,3.0258e-17,7.543e-18,2.5279e-17,-2.4879e-17,5.8332e-17,-1.1131e-17,-1.9547e-17,-3.5481e-18,3.2296e-17,-1.4115e-17,8.7194e-18,-2.1168e-17,-4.7945e-17,4.4338e-17,-1.4549e-17,2.8419e-17,0.040507,-4.6269e-17,3.7694e-17,3.3381e-17,3.6621e-17,-4.4398e-17,1.0047e-17,6.3401e-18,4.5347e-17,1.8477e-17,1.9383e-18,-2.5979e-17,-4.06e-17,-4.053e-17,-2.3293e-17,-1.277e-17,-2.739e-17,3.6704e-17,-4.4415e-17,4.4256e-17,2.0019e-17,5.1835e-17,-2.4743e-17,-1.5293e-17,-5.6862e-17,3.213e-17,-2.6738e-17,-5.8426e-17,5.6279e-17,4.5694e-18,-2.5993e-19,-7.0255e-17,-2.9635e-17,3.0528e-17,-5.3527e-17,-7.124e-18,2.4993e-17,2.5766e-17,-3.6629e-18,-2.1688e-17
8.252e-17,1.0775e-17,9.4367e-17,-6.2704e-17,4.1516e-17,-1.6871e-17,2.1541e-17,5.5635e-17,9.7641e-18,1.71e-17,3.2686e-17,7.8028e-17,1.8599e-17,3.2223e-17,-3.3175e-18,5.8456e-17,-2.0503e-18,-6.0389e-17,-1.4631e-18,-2.0832e-17,-3.789e-17,-8.0854e-17,-5.3719e-17,3.9641e-17,-2.8737e-17,-2.1278e-17,1.2301e-17,2.7472e-17,8.5619e-17,5.6373e-18,-9.0762e-18,1.5455e-17,-3.4071e-17,-3.2961e-17,-1.6812e-17,1.6286e-17,8.6208e-18,3.005e-17,3.173e-17,1.7018e-17,-4.5729e-17,0.040507,2.9727e-17,-3.8212e-17,-1.7926e-17,-6.2703e-18,6.172e-17,2.4154e-17,-3.6729e-17,-6.7102e-18,-4.9214e-17,-2.9925e-17,8.8671e-17,-5.2894e-17,-1.0353e-17,3.6783e-17,-4.494e-17,-2.986e-17,-4.0847e-17,-1.8548e-17,7.7005e-18,5.4722e-17,-6.3268e-17,4.1904e-17,-5.1799e-17,1.6895e-17,-9.3859e-17,3.2856e-19,6.4615e-17,-1.3895e-17,-2.0201e-18,-1.5146e-17,-2.8562e-17,6.1784e-17,2.6887e-17,-4.4573e-17,5.4034e-17,-4.1577e-17,-3.2172e-17,2.537e-17
3.4173e-17,-2.0069e-17,-6.671e-18,-1.0324e-17,-2.65e-17,-4.4151e-17,-1.0661e-17,2.4882e-18,-6.0699e-17,2.2781e-17,-1.5924e-17,5.5014e-17,-4.9035e-17,9.9352e-18,2.2258e-17,-7.2271e-17,-1.321e-17,2.4401e-17,3.5579e-17,1.2091e-17,-2.5127e-17,9.9552e-18,4.9506e-17,-2.4816e-17,3.1761e-17,-1.7126e-17,2.4753e-17,-4.9727e-18,6.9326e-18,5.0024e-17,3.1598e-17,5.5759e-18,-7.1029e-18,-5.5656e-17,2.6322e-19,1.4016e-17,4.7315e-17,-2.689e-17,3.3228e-18,-1.5862e-17,3.7445e-17,2.9199e-17,0.040507,1.3092e-17,7.4822e-17,-8.7355e-19,3.1223e-17,5.7204e-17,1.1533e-17,3.5274e-17,4.3026e-17,4.0666e-17,-1.2144e-17,6.0029e-18,2.1026e-19,2.179e-17,1.0214e-17,-3.7894e-17,2.0743e-17,-1.1547e-18,-6.9576e-17,4.075e-17,1.8461e-17,9.6156e-18,-1.9681e-17,1.8766e-17,-7.3671e-17,1.7805e-17,6.8192e-17,6.4359e-17,2.3218e-18,-2.0979e-17,1.8784e-17,-4.5069e-18,3.6956e-17,1.336e-17,6.1963e-18,-9.0828e-18,5.1526e-18,-1.6007e-17
-2.7375e-18,-4.292e-17,1.8113e-17,5.3743e-17,-2.1751e-18,-1.9438e-18,2.2941e-17,8.1773e-18,-4.1881e-17,-1.4688e-17,1.72e-17,1.7613e-17,6.2239e-17,-1.3791e-17,2.19e-18,-3.897e-19,4.2507e-17,-1.7797e-17,-5.3026e-17,-3.0122e-17,-1.3162e-17,-3.687e-17,8.1392e-19,-1.7376e-17,1.7945e-17,4.2449e-18,-7.4398e-18,4.5583e-17,-1.7889e-17,2.5314e-17,6.9524e-18,-7.5332e-18,3.4519e-17,1.2674e-17,1.6095e-18,-1.9089e-17,-7.2111e-17,1.8807e-17,-9.5577e-18,-4.0929e-17,3.3941e-17,-4.0029e-17,1.3969e-17,0.040507,1.3596e-17,7.1188e-18,1.3627e-17,-8.1566e-18,-4.6132e-17,1.0408e-17,-1.5425e-18,1.935e-17,2.1961e-17,-2.5992e-17,-6.604e-18,-2.2404e-18,-1.2983e-17,5.2477e-17,-2.8219e-17,4.3832e-20,1.3431e-17,2.8959e-18,-1.6836e-17,7.0158e-18,-4.3427e-17,8.1623e-18,-2.0746e-17,-1.1531e-17,2.348e-17,3.0337e-18,-1.7469e-17,-8.286e-18,-2.5258e-17,4.0796e-17,2.687e-17,-1.1161e-17,5.7664e-17,2.8836e-17,2.57e-19,-7.622e-18
3.4084e-17,-1.9355e-17,-2.7347e-17,-1.6838e-17,2.2668e-17,3.5986e-17,-6.9226e-18,-3.2251e-17,2.4438e-17,-2.5503e-17,-3.5754e-17,1.3534e-17,-2.979e-17,3.2961e-17,2.2739e-17,-3.8964e-18,2.0966e-17,-3.4713e-17,-1.6638e-17,4.2753e-17,5.3473e-17,3.6745e-17,3.0064e-17,2.9145e-17,-4.231e-17,-2.2192e-18,-4.4122e-17,3.8778e-17,1.1699e-17,-6.6163e-17,6.816e-17,1.264e-17,4.1862e-17,4.7974e-20,-1.2142e-17,-1.9792e-17,-5.8199e-17,4.5548e-17,-1.3932e-17,-3.478e-18,3.6849e-17,-1.8857e-17,7.5391e-17,1.2968e-17,0.040507,-3.8617e-18,4.2367e-17,-2.8549e-17,-7.2376e-17,1.0259e-17,-1.4757e-17,5.7974e-17,-1.0287e-17,5.9465e-18,-3.3001e-18,-3.4778e-17,2.3903e-17,2.0537e-17,-5.4038e-18,-2.7005e-17,2.1251e-17,-2.0559e-17,5.0508e-17,1.2352e-17,-2.2436e-17,-3.5638e-17,-4.0064e-18,3.2143e-18,-1.2096e-17,-4.6142e-17,-5.5821e-17,7.3007e-17,-2.4756e-17,4.7058e-17,-2.0373e-17,-8.7848e-17,1.5662e-17,-3.5783e-17,-3.4496e-17,3.2553e-17
8.7289e-17,4.4957e-17,3.1399e-17,-2.7568e-17,-2.741e-17,-5.0346e-17,3.7966e-17,2.8708e-18,1.8059e-17,6.8315e-20,-4.418e-17,1.3227e-17,5.5567e-17,4.0887e-17,2.5577e-17,3.4344e-17,-7.5938e-18,8.7236e-18,-1.5784e-17,-1.9587e-17,-2.5883e-17,-4.6442e-17,-4.6068e-17,1.3714e-17,2.5411e-17,3.3328e-17,2.2613e-17,2.8151e-17,-8.8783e-18,-2.2689e-17,-4.6729e-18,-4.3571e-17,-2.1061e-17,6.7642e-18,-4.7112e-18,3.5857e-18,2.8244e-17,2.1195e-17,1.2733e-17,3.0068e-17,-4.4953e-17,-7.1685e-18,-1.3025e-18,6.7558e-18,-3.7985e-18,0.040507,-4.7093e-17,3.1663e-17,1.0476e-18,-2.7875e-17,8.2952e-18,-5.1481e-17,5.3197e-17,-9.1505e-18,-8.0426e-19,5.837e-17,-5.5824e-17,1.1127e-17,-1.7621e-17,2.9201e-17,3.1182e-17,4.3886e-17,-4.8054e-17,7.5082e-18,2.2611e-17,7.8754e-17,-1.6779e-18,-2.5877e-17,2.252e-17,9.127e-18,-2.1125e-17,-1.2509e-17,-2.8982e-17,-2.3991e-17,-1.6209e-17,3.592e-18,9.0644e-18,4.5813e-17,-6.3796e-19,1.6955e-18
-6.6579e-17,1.678e-17,-6.1768e-17,-4.7084e-17,-1.1665e-17,-1.8148e-17,2.5538e-17,5.7781e-17,2.4847e-17,-2.6748e-18,-4.011e-18,-2.1264e-17,-4.7622e-17,4.8506e-17,3.788e-17,-4.3307e-17,7.6615e-17,7.069e-18,-1.1189e-17,3.0865e-17,2.1475e-17,8.1063e-17,4.246e-17,-1.6578e-17,1.1713e-18,4.3947e-18,-5.8736e-17,-4.8452e-17,2.2014e-17,-8.1921e-17,4.8997e-18,3.2465e-17,-9.9059e-18,-6.1319e-18,-2.3909e-17,2.8119e-17,-1.9178e-17,-7.3038e-19,6.4299e-18,-7.6736e-17,1.0154e-17,6.1737e-17,3.0903e-17,1.4154e-17,4.2319e-17,-4.7164e-17,0.040507,2.8595e-18,2.1942e-17,3.6398e-17,-2.816e-17,4.7099e-17,-1.0342e-17,6.8512e-18,2.0783e-17,1.251e-17,-2.1872e-17,2.6646e-17,-4.6478e-19,-5.5429e-17,1.4863e-17,-9.1856e-17,-1.1824e-17,4.4308e-18,-2.835e-17,-7.6271e-17,-1.8578e-17,7.6406e-17,-3.55e-17,2.3824e-17,2.0345e-17,1.2331e-17,-2.5841e-18,-2.292e-17,-8.0937e-18,-1.0897e-16,-2.5422e-17,-1.7459e-17,4.3015e-17,1.3587e-17
-5.7289e-17,-1.7336e-17,3.4427e-17,-4.1377e-17,3.3966e-17,-9.8097e-18,-3.5658e-17,2.3167e-17,-2.8773e-18,-2.1448e-17,1.5124e-17,-3.6566e-17,-3.7083e-17,-2.1937e-18,-7.522e-17,1.9727e-17,3.225e-17,8.6912e-18,-3.888e-17,1.6638e-17,3.5098e-17,4.7115e-18,-1.4717e-17,-2.1117e-17,-3.5606e-18,3.7467e-18,-8.7105e-19,-4.4318e-17,-4.1273e-18,-2.5253e-17,-7.6468e-17,1.7161e-17,-2.5897e-17,5.7389e-17,1.5187e-17,1.4376e-17,-6.7687e-17,7.4177e-17,-6.3104e-18,9.1478e-17,7.2807e-18,2.4204e-17,5.6798e-17,-8.6904e-18,-2.8439e-17,3.1222e-17,2.7184e-18,0.040507,-1.593e-17,-4.4542e-17,-4.2778e-17,-9.415e-17,-7.0467e-17,-2.2458e-17,-2.2593e-17,-8.0047e-17,2.3635e-17,1.6391e-17,-2.7906e-17,-9.5934e-18,-5.7244e-18,-6.4404e-17,6.8372e-18,4.2817e-18,9.4605e-18,-3.4955e-17,5.5109e-17,3.9789e-17,-3.6373e-17,-4.1716e-17,4.2006e-19,3.5505e-17,1.0765e-17,-2.1622e-17,2.0769e-18,-1.6695e-17,-4.9797e-19,-3.373e-17,-1.5853e-17,-2.0317e-17
6.1579e-17,-4.2373e-17,7.6159e-17,-6.4631e-17,8.6013e-17,-1.3103e-17,2.7932e-17,-1.9006e-18,-2.3416e-17,1.363e-17,4.2088e-18,6.6193e-17,4.6967e-17,1.4996e-17,-3.36e-17,1.1844e-17,2.8476e-19,-7.3457e-18,-3.279e-17,-3.5061e-17,3.3238e-17,-7.2185e-17,-2.0039e-17,4.6809e-17,-2.7749e-17,-4.1599e-18,4.3712e-19,4.1253e-17,-8.4066e-18,-2.0016e-17,1.23e-17,1.5527e-17,-2.7349e-17,4.2027e-17,-3.5614e-17,4.4621e-17,-5.091e-17,1.0314e-16,6.9054e-17,5.0933e-17,4.4095e-17,-3.5285e-17,1.1334e-17,-4.657e-17,-7.2136e-17,-1.1319e-19,2.1373e-17,-1.6771e-17,0.040507,-1.296e-17,-2.1496e-17,-3.3551e-17,2.7114e-17,-3.9374e-17,-1.9238e-17,-7.4853e-18,1.0221e-17,-1.7142e-17,-4.2284e-17,-2.9711e-18,-3.7556e-18,2.1007e-17,-4.0063e-17,7.45e-17,1.8134e-17,3.1489e-17,3.0944e-17,1.397e-17,-3.5171e-17,-4.9702e-17,-2.1489e-17,-2.4045e-17,1.8344e-17,-1.1631e-17,1.1958e-18,-4.4133e-17,8.1701e-18,-1.4529e-17,1.3135e-18,-3.7838e-17
1.5751e-17,-2.3757e-17,-4.5753e-18,1.4833e-17,4.9239e-17,-4.344e-17,-4.7151e-18,9.1021e-18,5.1333e-17,-7.0268e-18,-6.0692e-18,3.2885e-17,-2.4317e-17,-1.3973e-17,1.4099e-17,4.3767e-17,1.2153e-17,2.4078e-17,-2.5447e-17,1.3153e-17,1.4596e-17,3.0949e-17,2.6322e-17,-1.162e-17,1.1161e-17,1.8774e-17,-5.8935e-17,-3.4855e-17,2.866e-17,-2.5653e-17,-2.7383e-17,-3.8465e-17,-3.0008e-17,3.5929e-17,1.8257e-18,3.7442e-17,-3.4177e-17,3.1195e-17,-4.2881e-17,4.4201e-17,1.9397e-17,-7.7413e-18,3.5417e-17,1.0652e-17,1.0032e-17,-2.8878e-17,3.6962e-17,-4.3707e-17,-1.3116e-17,0.040507,-2.2366e-17,-2.6332e-17,-4.3772e-17,4.9881e-17,2.6958e-17,3.0261e-19,-5.7739e-17,1.443e-17,-1.007e-18,-3.8057e-17,1.2231e-17,1.4193e-17,-1.0306e-17,-4.9385e-17,2.1408e-17,3.8441e-17,-9.672e-18,5.0771e-17,2.436e-17,-1.9046e-17,-2.0152e-17,-2.8054e-17,-2.4937e-17,-3.4942e-17,9.2854e-18,-4.2349e-19,-4.1078e-17,-4.0364e-18,-2.0694e-17,-2.1591e-17
2.1863e-17,-1.018e-17,-2.7212e-17,1.7063e-17,6.0233e-17,2.3194e-18,-1.9544e-18,1.5925e-17,-1.8453e-17,-2.1624e-17,-6.0999e-17,-5.1862e-18,-6.4374e-18,2.8023e-17,-1.647e-17,8.7344e-18,1.1716e-17,-3.853e-17,-7.6065e-17,-2.6023e-18,-1.5668e-17,1.4742e-17,2.135e-17,5.6283e-17,-1.2563e-17,-5.1069e-17,-1.3129e-18,8.85e-18,1.6392e-17,2.2302e-17,3.0263e-17,1.2329e-17,-2.2932e-18,4.5727e-17,3.4637e-17,-2.9064e-17,-8.001e-17,2.9781e-17,-1.8126e-17,5.7752e-17,2.8407e-18,-4.9104e-17,4.3472e-17,-4.4861e-19,-1.5484e-17,8.5476e-18,-2.8175e-17,-4.3832e-17,-2.0213e-17,-2.1851e-17,0.040507,1.6289e-17,-1.5653e-17,-1.3169e-17,1.9339e-17,-3.3251e-17,-1.0792e-17,7.1736e-19,1.0053e-17,2.0099e-18,-2.1885e-17,5.1356e-17,-4.43e-17,4.2481e-17,-2.3249e-17,1.8865e-17,-3.4371e-18,7.5705e-17,-2.9788e-17,-5.0956e-17,-4.5919e-17,7.7532e-17,2.1562e-17,5.6119e-17,3.8295e-19,-2.286e-17,4.3029e-17,-2.0578e-17,-1.62e-18,-1.4305e-19
-2.8305e-17,-2.8055e-17,1.8741e-17,1.1248e-17,3.0607e-17,2.3542e-17,-1.27e-17,1.4763e-17,4.4212e-18,-2.8577e-17,-6.3064e-18,4.9422e-17,2.4894e-17,2.9368e-17,-3.1095e-17,-1.5817e-17,-3.1607e-17,-4.3291e-17,1.5184e-17,-8.1703e-18,-1.7833e-17,2.1584e-17,5.4093e-17,-3.3696e-17,3.7943e-17,-2.3534e-17,-2.2999e-17,1.579e-17,1.4777e-17,-1.9307e-17,2.6037e-17,-4.5091e-19,2.5514e-17,-3.7038e-17,3.0785e-17,-1.4018e-18,-2.3025e-17,-1.9021e-17,-3.116e-17,-3.1456e-17,-2.6122e-17,-3.0561e-17,4.1238e-17,1.943e-17,5.7355e-17,-5.2465e-17,4.6637e-17,-9.4852e-17,-3.3499e-17,-2.6339e-17,1.6505e-17,0.040507,3.9119e-18,5.4894e-17,2.0229e-17,-3.6784e-17,2.2957e-17,4.4726e-17,-2.0026e-18,-2.167e-17,-4.7361e-17,-9.2755e-18,-9.4203e-18,-1.2395e-17,4.2336e-17,-1.5705e-17,-5.5055e-18,-2.1585e-17,4.228e-18,1.3284e-17,-5.222e-17,1.8887e-18,-3.342e-17,3.6602e-17,9.0118e-18,-8.9972e-18,1.1046e-17,-1.3333e-17,1.6705e-17,1.9078e-17
-2.2451e-17,5.8954e-17,-4.3862e-17,8.4683e-17,-1.0914e-17,3.1807e-17,-6.1308e-17,4.5333e-18,5.3484e-17,-3.544e-17,-1.5707e-17,-3.209e-17,-3.58e-17,-1.6292e-18,5.0418e-19,3.7912e-17,5.3367e-17,-3.6023e-17,7.3144e-17,3.515e-17,2.4876e-17,7.0963e-17,-6.7527e-17,4.5726e-18,-3.7559e-17,4.4786e-17,2.1126e-17,-3.0333e-17,1.0828e-17,3.5416e-17,-5.6085e-17,-2.5347e-17,-1.3789e-17,7.566e-17,5.1831e-18,-1.5184e-17,9.617e-17,-5.2239e-17,2.6063e-17,2.7831e-18,-4.1469e-17,8.8867e-17,-1.2868e-17,2.1861e-17,-9.3664e-18,5.3458e-17,-1.0327e-17,-7.0854e-17,2.9378e-17,-4.4211e-17,-1.5578e-17,3.8421e-18,0.040507,5.7958e-17,3.9327e-17,-2.6428e-17,-1.3905e-17,-2.8798e-18,8.5245e-17,3.4209e-18,-2.7899e-18,1.4341e-17,1.5134e-17,-4.2806e-17,-2.4465e-17,-6.3444e-17,2.4599e-17,-3.2252e-18,-1.0055e-17,4.9089e-17,-3.6279e-18,1.1448e-16,3.0391e-17,-2.9394e-17,-5.8514e-18,5.7834e-17,-3.9269e-17,-4.7496e-17,4.11e-17,1.382e-17
-4.3938e-18,-4.2898e-18,-1.0453e-17,-6.515e-18,5.2273e-17,-8.9634e-19,2.4757e-17,1.0945e-17,3.2737e-18,3.6862e-17,1.0798e-17,-6.0137e-17,-8.0037e-18,2.1382e-19,-7.9245e-18,-7.1925e-18,-1.1864e-18,-3.9277e-17,-4.9272e-17,-5.5084e-17,-2.3739e-17,-3.5751e-17,-3.8388e-17,-2.4664e-17,-4.2588e-18,1.214e-17,2.0864e-17,3.2345e-17,8.3196e-18,5.5388e-17,1.5851e-17,4.1617e-17,-4.2743e-17,-1.0792e-17,-8.1652e-18,-3.8668e-17,-5.9029e-17,-1.0507e-17,2.2353e-17,7.8778e-18,-3.9135e-17,-5.2505e-17,6.2922e-18,-2.6773e-17,6.4649e-18,-8.2789e-18,7.3593e-18,-2.2529e-17,-3.8223e-17,4.809e-17,-1.2879e-17,5.4228e-17,5.8424e-17,0.040507,2.6141e-17,-4.6974e-17,-2.339e-17,6.6641e-18,-3.8037e-17,1.5118e-18,3.3429e-17,-2.3611e-17,-6.4048e-17,-1.9544e-17,-1.7321e-18,-7.9793e-18,6.2156e-18,-1.626e-17,-4.9874e-17,-2.7555e-20,-2.2065e-17,-2.9866e-17,-1.1841e-17,-2.2702e-17,-2.7879e-17,3.2892e-17,-1.4781e-17,-5.2247e-18,-1.532e-17,3.5156e-17
-1.6608e-17,1.3383e-17,-6.1079e-18,-7.7518e-18,-3.8703e-17,-1.001e-17,-5.5202e-18,2.0487e-17,4.0712e-17,-1.7996e-17,2.0641e-17,-2.1561e-17,-2.6137e-17,-4.4591e-18,7.5088e-18,-2.1517e-17,2.1819e-17,-1.6333e-17,5.2062e-17,8.3058e-18,3.9161e-18,5.6852e-18,1.783e-17,5.055e-17,2.9432e-18,-2.6528e-17,3.7964e-17,-1.0556e-17,-2.4967e-17,-2.4356e-17,1.6305e-17,-2.7185e-17,-3.1441e-17,4.8081e-18,1.2018e-17,-4.9015e-17,1.4505e-17,-1.9433e-17,4.5278e-18,1.0592e-17,-2.3272e-17,-1.1417e-17,2.7535e-19,-6.5403e-18,-3.123e-18,-3.6762e-19,2.0537e-17,-2.2935e-17,-1.9435e-17,2.6013e-17,1.9626e-17,1.9634e-17,3.9811e-17,2.5698e-17,0.040507,-4.0282e-17,4.6509e-17,-1.6327e-17,1.387e-17,1.7173e-17,-2.9039e-18,-1.3377e-17,3.9161e-17,-2.3649e-17,-3.6572e-18,-1.2742e-17,-1.1208e-17,-1.9761e-17,-3.3122e-17,1.5032e-17,-2.26e-17,6.6327e-17,-1.3505e-17,4.5215e-17,-1.998e-17,5.9164e-18,-2.4813e-17,-1.5094e-17,4.8447e-17,1.9627e-18
2.2665e-17,4.9893e-18,3.1588e-17,-5.1752e-17,7.2474e-17,-1.3114e-17,4.1286e-17,-1.5601e-17,-2.8771e-17,3.2246e-17,-4.4538e-17,-6.2447e-18,1.6222e-18,1.4539e-17,1.5673e-17,-1.0869e-17,3.8111e-17,8.7924e-18,-9.2007e-18,-1.5346e-19,-2.6796e-17,1.4575e-17,-3.6172e-18,-2.6398e-17,1.9455e-17,2.25e-17,-6.9278e-18,-4.4085e-17,2.5595e-18,1.5505e-17,3.7843e-17,4.1526e-17,1.6637e-17,3.502e-17,7.703e-17,2.9385e-17,-2.7813e-17,8.229e-18,1.8602e-17,2.5294e-17,-1.2712e-17,3.7205e-17,2.2264e-17,-2.4445e-18,-3.4827e-17,5.7654e-17,1.256e-17,-7.9639e-17,-8.2971e-18,-3.3585e-19,-3.3204e-17,-3.7157e-17,-2.6237e-17,-4.7705e-17,-3.9431e-17,0.040507,3.0217e-19,3.2175e-17,-2.0951e-17,-3.7247e-17,-1.713e-17,-3.5881e-18,-2.3266e-17,-2.4565e-17,-7.3675e-17,-4.3075e-17,-7.3382e-18,2.9392e-17,6.0607e-18,-1.0935e-17,5.5316e-18,3.3031e-17,3.1919e-17,1.9876e-17,-4.2283e-17,-2.4331e-17,4.9315e-17,-7.9486e-17,-2.0132e-17,-4.3741e-17
3.2842e-17,-3.9056e-17,-2.2174e-17,-4.57e-18,6.431e-18,2.0781e-17,-3.3211e-17,-3.9666e-17,1.1393e-17,9.6416e-17,1.9603e-17,9.0296e-18,-5.003e-17,-3.4305e-17,3.9902e-18,2.2714e-17,-3.0674e-17,-1.5403e-17,-9.8478e-18,-3.0249e-17,3.9032e-17,-3.2303e-18,3.8155e-18,1.0503e-17,-2.7118e-18,1.6249e-18,-1.5672e-17,3.591e-17,1.2845e-17,1.3374e-18,-8.8879e-18,-7.4612e-18,-4.5937e-17,-2.6237e-18,-4.3361e-17,3.9241e-17,-1.6827e-17,2.8119e-17,-8.2125e-19,3.2484e-17,-2.7329e-17,-4.5337e-17,9.9876e-18,-1.2993e-17,2.3659e-17,-5.5603e-17,-2.1355e-17,2.368e-17,9.7362e-18,-5.821e-17,-1.0389e-17,2.1001e-17,-1.301e-17,-2.298e-17,4.6632e-17,2.8945e-19,0.040507,-4.07e-17,-1.0814e-17,-1.0313e-18,7.5248e-18,-2.7755e-18,1.6759e-17,4.233e-18,4.1029e-17,3.2214e-17,2.907e-17,3.1616e-18,-6.326e-18,1.5739e-17,-1.492e-17,-3.1212e-17,9.1079e-18,1.0211e-17,3.7671e-17,-9.0433e-18,1.0189e-17,5.7545e-17,-3.1534e-17,-5.3105e-17
2.6094e-17,-3.7e-17,-4.2985e-17,2.0986e-17,3.7873e-18,-1.4447e-17,6.547e-18,2.9136e-17,-8.7853e-19,1.0298e-17,-1.4835e-17,3.4031e-17,-6.1493e-18,4.9541e-17,3.5184e-17,-6.6631e-18,3.0956e-17,-3.4555e-17,-4.4913e-18,4.5186e-17,1.9902e-17,5.3245e-17,2.2559e-17,1.3373e-17,9.2697e-18,-1.2532e-17,-4.6994e-17,-6.3511e-18,-3.5068e-17,-3.9286e-17,6.562e-17,3.839e-17,2.0016e-17,-1.6895e-17,-1.6584e-17,-9.7389e-20,-1.7679e-17,3.4003e-17,2.4077e-17,-2.5747e-18,3.578e-17,-3.008e-17,-3.7419e-17,5.294e-17,2.1397e-17,1.0837e-17,2.6678e-17,1.6116e-17,-1.6674e-17,1.4541e-17,3.3684e-19,4.3821e-17,-2.2536e-18,6.5972e-18,-1.5321e-17,3.2543e-17,-4.0445e-17,0.040507,4.3622e-18,-3.8087e-17,-5.685e-18,-4.8949e-18,-2.3006e-19,-1.6102e-17,-3.0741e-17,-2.9621e-17,-2.7152e-17,3.7273e-17,1.3655e-17,6.8531e-17,1.8264e-17,-1.3409e-17,-1.3848e-17,-1.0374e-17,-1.722e-17,-5.2939e-17,3.9319e-17,-1.4837e-17,5.5674e-17,1.1966e-17
2.4058e-17,1.465e-17,-1.7753e-18,4.1859e-17,-7.9384e-20,-1.2049e-17,3.5068e-17,-2.1533e-17,3.0461e-17,3.7815e-17,5.1894e-17,-1.2443e-17,2.7604e-17,-2.8528e-17,4.6714e-17,1.0155e-17,4.5209e-17,-1.9452e-17,-7.186e-18,9.3737e-18,-3.6128e-17,-1.7791e-17,-6.9542e-18,-8.644e-18,2.0678e-17,2.689e-17,-5.1714e-17,3.912e-17,-9.1733e-17,1.3679e-17,-3.3217e-17,5.687e-18,-1.0947e-17,-4.4356e-17,5.7971e-18,-1.8141e-17,-2.1678e-17,-1.4167e-17,4.9476e-17,6.7304e-18,-4.5335e-17,-4.0843e-17,1.9785e-17,-2.8447e-17,-5.4703e-18,-1.772e-17,-6.165e-19,-2.7648e-17,-4.2094e-17,-1.1534e-18,1.0086e-17,-1.5047e-18,8.5835e-17,-3.865e-17,1.4244e-17,-2.0463e-17,-1.0405e-17,4.6493e-18,0.040507,5.0188e-17,7.9485e-18,-2.5182e-17,-4.3698e-17,-4.791e-18,4.6792e-18,1.2766e-17,1.6522e-17,1.7714e-17,5.0334e-18,-4.1825e-17,-1.3315e-17,-4.832e-18,1.1999e-17,3.0341e-19,1.2928e-17,2.0954e-17,-1.5761e-17,3.8645e-17,1.0178e-17,-4.9312e-18
-4.0861e-17,2.3957e-17,1.8864e-17,4.8641e-17,-2.7462e-17,-9.1518e-18,-2.3626e-17,-1.578e-17,-4.7069e-17,-2.3387e-17,-2.9823e-17,-3.0235e-19,1.0863e-17,2.5171e-18,-2.6242e-17,-9.8588e-18,1.4156e-18,4.8046e-17,2.0426e-17,5.3955e-18,1.7865e-17,-5.4365e-18,-1.4011e-17,3.3073e-17,-2.9238e-17,2.1668e-17,2.1563e-17,2.7242e-17,-6.5243e-18,2.2769e-17,-1.8803e-17,-3.9428e-17,6.501e-19,-1.2841e-17,-1.5061e-17,-3.2474e-17,-3.0304e-17,-3.8282e-17,-6.5223e-17,-2.3328e-17,4.4697e-17,-1.9003e-17,-1.5066e-18,3.7961e-19,-2.8268e-17,2.9266e-17,-5.5611e-17,-9.6012e-18,-3.0796e-18,-3.7466e-17,2.0131e-18,-2.0854e-17,3.4117e-18,1.5686e-18,1.7132e-17,-3.7736e-17,-7.3542e-19,-3.8159e-17,5.0022e-17,0.040507,-1.3596e-18,1.0947e-17,5.0979e-17,-8.2116e-18,5.6196e-18,2.088e-17,3.1171e-17,-4.3576e-17,1.0433e-17,-3.562e-17,-2.9613e-17,5.9907e-17,1.3745e-17,1.2247e-17,1.5432e-17,2.2205e-17,-6.2924e-18,2.4373e-17,-1.4364e-17,-1.6702e-17
-4.4358e-17,-2.8531e-17,-3.0877e-17,1.1444e-17,-4.064e-17,4.3628e-18,1.3412e-17,8.5767e-18,-4.3806e-17,1.145e-17,-3.3466e-17,-4.4888e-17,-4.0112e-17,3.3034e-17,2.0655e-17,-4.4836e-17,-1.9646e-17,2.7689e-17,4.1636e-17,3.3549e-17,5.1708e-17,2.199e-17,-6.1609e-18,-4.2479e-17,-1.5024e-17,3.2327e-17,-7.6074e-18,1.0172e-17,3.5013e-17,2.3027e-17,-9.0177e-18,5.9842e-18,-5.0117e-18,2.4124e-17,-2.3146e-17,3.6055e-18,-4.4451e-17,-1.7268e-17,-3.6537e-18,2.2723e-17,1.9796e-17,7.0335e-18,-6.9855e-17,1.2996e-17,2.0814e-17,3.1184e-17,1.4794e-17,-5.4002e-18,-3.6367e-18,1.0858e-17,-2.1821e-17,-4.7144e-17,-2.4481e-18,3.2664e-17,-3.7675e-18,-1.8066e-17,7.091e-18,-5.5263e-18,6.4795e-18,-1.3594e-18,0.040507,-2.7042e-17,3.3209e-17,-2.6181e-17,2.0376e-17,3.0888e-17,2.549e-17,-1.3963e-18,-1.2283e-17,2.4512e-17,3.0534e-17,-2.9359e-17,1.0224e-17,1.8799e-18,-3.5401e-17,1.6029e-17,2.1703e-17,-1.3054e-17,-3.1032e-17,-5.5069e-18
1.8867e-17,4.5519e-17,-4.0126e-18,1.1939e-17,4.5863e-17,1.5159e-17,-1.5099e-17,-1.4146e-17,9.7668e-18,-1.0678e-18,6.5992e-18,-4.132e-17,8.3367e-17,3.5354e-18,-1.2459e-17,-1.9933e-17,3.1034e-17,-2.8435e-17,7.6051e-18,1.1474e-17,-5.7628e-17,6.5438e-17,-1.2857e-18,-3.4577e-17,2.7323e-17,-1.4729e-17,-1.784e-17,2.5501e-17,-2.4762e-17,1.9128e-17,-2.3836e-17,-4.351e-18,-6.7358e-19,2.0077e-17,3.8683e-17,-1.1274e-17,4.559e-17,-7.2519e-17,1.8687e-17,-1.5524e-17,5.2583e-17,5.4475e-17,4.0858e-17,3.5571e-18,-2.0091e-17,4.474e-17,-9.2214e-17,-6.3384e-17,2.0685e-17,1.3037e-17,5.2063e-17,-1.0224e-17,1.4689e-17,-2.3259e-17,-1.3703e-17,-3.6353e-18,-2.7868e-18,-4.2226e-18,-2.5258e-17,1.0495e-17,-2.7472e-17,0.040507,7.9537e-18,2.4085e-17,3.6584e-17,2.0759e-17,-1.0119e-17,4.6328e-17,-1.4574e-17,-6.7413e-17,-3.0836e-17,7.8946e-17,4.413e-17,-6.9546e-17,-5.513e-19,1.3793e-17,-1.3934e-17,9.5287e-18,2.7643e-17,3.4112e-17
-4.306e-18,-5.1998e-17,-3.4108e-17,-5.6355e-17,-1.5081e-17,-4.6825e-18,-3.1147e-18,4.6468e-17,1.1611e-18,2.2996e-17,3.4532e-17,-6.7511e-18,-3.5642e-17,3.5597e-17,-2.9239e-17,-8.0309e-18,-3.1788e-17,-1.7354e-17,-4.9328e-17,-1.2364e-17,3.5006e-17,-1.3198e-17,-9.5818e-18,3.4523e-17,-1.793e-17,-5.7469e-17,5.4345e-17,3.3948e-17,3.1672e-17,-4.2208e-17,2.5827e-18,2.7088e-17,2.3753e-17,4.5001e-17,-1.6464e-17,-2.0725e-17,-7.5732e-17,6.5099e-17,2.6729e-17,5.1555e-17,-2.4794e-17,-6.3749e-17,1.8434e-17,-1.6646e-17,5.0566e-17,-4.7664e-17,-1.1216e-17,6.0536e-18,-4.0883e-17,-1.0313e-17,-4.4243e-17,-9.3555e-18,1.6746e-17,-6.3208e-17,3.8798e-17,-2.2335e-17,1.5098e-17,7.958e-19,-4.4089e-17,5.1354e-17,3.3178e-17,8.6925e-18,0.040507,3.1467e-17,-4.2099e-17,5.8395e-18,-6.3289e-17,5.9066e-17,-1.4487e-17,3.8512e-17,4.118e-18,3.5966e-18,-3.3448e-17,4.3099e-17,-9.3787e-18,-7.1739e-17,3.717e-17,8.4935e-18,7.2579e-18,-1.5437e-17
7.7555e-18,4.8374e-17,-5.4922e-18,-2.7803e-17,-1.1366e-17,-3.2336e-17,-2.8736e-17,3.2517e-18,-4.6268e-17,1.1736e-17,1.8417e-17,-2.5825e-17,-5.3016e-17,-5.1304e-17,-1.8587e-17,6.5857e-17,-4.4002e-17,-4.6582e-18,3.8394e-17,1.6843e-17,9.4127e-18,-4.1183e-17,-3.8728e-17,3.3277e-17,2.1822e-17,2.4776e-17,3.0995e-17,-1.5364e-17,1.146e-17,1.8051e-17,1.4079e-18,2.4708e-18,1.3766e-17,4.6464e-17,5.2433e-18,1.2033e-18,-3.3664e-18,2.3161e-17,1.6424e-17,4.7737e-17,-1.4899e-17,4.2388e-17,9.7896e-18,6.5608e-18,1.2214e-17,7.7347e-18,4.1188e-18,4.0222e-18,7.3547e-17,-5.0024e-17,4.2766e-17,-1.4385e-17,-4.3135e-17,-1.9901e-17,-2.3133e-17,-2.4908e-17,3.5525e-18,-1.5176e-17,-4.5855e-18,-7.826e-18,-2.674e-17,2.4894e-17,3.149e-17,0.040507,2.8967e-18,3.9457e-17,3.739e-17,1.4283e-17,2.7732e-17,-1.085e-18,4.9567e-17,-2.9944e-17,9.4364e-18,7.751e-18,-1.823e-17,3.1837e-17,5.8237e-17,-2.934e-17,8.3657e-18,-6.2082e-17
5.389e-18,5.8004e-18,-2.8913e-17,-4.3231e-18,-2.176e-18,5.5455e-17,-3.3266e-17,-5.5228e-17,2.9716e-17,3.3892e-17,-1.0132e-17,-3.608e-17,-3.3248e-17,-6.708e-17,2.0896e-18,6.6957e-19,-3.1585e-17,-6.7794e-18,-2.7141e-17,-2.3284e-17,3.2076e-18,-3.9657e-17,-1.7796e-17,3.8377e-17,4.182e-17,-1.9552e-17,3.4178e-17,-9.1427e-18,-2.0671e-17,1.8821e-17,4.2306e-17,4.0381e-17,-5.7277e-17,9.4819e-17,2.5744e-17,-2.9544e-17,-2.4661e-17,-9.2894e-18,1.6802e-17,-7.7214e-18,-5.5421e-17,-5.199e-17,-1.9712e-17,-4.3212e-17,-2.1535e-17,2.3192e-17,-2.844e-17,9.9408e-18,1.6484e-17,2.1489e-17,-2.2609e-17,4.2862e-17,-2.4501e-17,-2.6881e-18,-2.8523e-18,-7.4174e-17,4.0819e-17,-3.1636e-17,4.6091e-18,5.7848e-18,2.1204e-17,3.6397e-17,-4.1531e-17,2.5456e-18,0.040507,-6.9034e-18,7.8335e-17,-5.6041e-17,-4.7918e-17,-8.1494e-18,1.7629e-17,8.9454e-18,-3.8139e-17,6.303e-18,-2.4508e-17,3.1544e-17,-9.1279e-18,9.0282e-18,-3.8157e-17,-4.1981e-18
-3.8041e-17,3.0022e-17,3.1332e-17,6.7015e-17,-3.3914e-17,3.6474e-17,-2.3338e-17,-5.7024e-17,1.0726e-17,-5.4291e-17,2.5513e-18,1.723e-17,4.1931e-19,2.1711e-17,5.1529e-19,2.2528e-17,5.1057e-17,1.9855e-17,5.9238e-18,-3.4446e-17,-3.6227e-17,2.5044e-17,-6.5011e-18,1.0243e-17,-1.4916e-17,1.9063e-17,2.6962e-17,7.8111e-18,-2.9829e-18,-1.1498e-17,-1.7834e-17,-8.0429e-18,-1.9246e-17,4.8733e-17,-1.6421e-17,-3.6845e-18,3.1041e-17,-2.4044e-17,-2.6101e-17,-3.483e-17,3.1849e-17,1.4357e-17,1.8637e-17,8.4172e-18,-3.4871e-17,7.8504e-17,-7.6324e-17,-3.4945e-17,3.0428e-17,3.7943e-17,1.9743e-17,-1.5676e-17,-6.233e-17,-8.9976e-18,-1.2259e-17,-4.2755e-17,3.1975e-17,-2.9589e-17,1.2328e-17,2.1032e-17,3.175e-17,2.1022e-17,5.7777e-18,3.8843e-17,-6.892e-18,0.040507,6.2661e-18,-2.6433e-17,-1.5931e-17,-4.4046e-18,1.6531e-17,6.2215e-17,8.0125e-18,-2.108e-17,4.3338e-18,4.5797e-17,-2.3389e-17,-4.4451e-17,-1.9172e-17,-3.6348e-18
2.1384e-18,-3.066e-17,3.8283e-17,-3.1055e-17,-2.1953e-17,-3.8806e-17,1.366e-17,4.0631e-17,-2.215e-17,-2.3838e-18,6.1569e-17,-3.5071e-17,-2.2451e-17,2.2107e-17,-1.863e-17,-2.4094e-17,-1.3502e-17,3.7454e-18,1.7042e-17,-1.3669e-18,1.2067e-17,-7.1349e-17,-2.1209e-17,-1.3817e-17,-3.9551e-18,1.5196e-17,6.6631e-18,3.0676e-17,-6.5217e-17,-9.871e-18,-6.5268e-18,1.0217e-17,-6.267e-17,3.2956e-17,3.5602e-18,-5.8721e-18,3.2117e-17,-8.4597e-19,6.9449e-17,8.2951e-17,-2.7527e-17,-9.4137e-17,-7.4064e-17,-2.1003e-17,-4.0597e-18,-1.4295e-18,-1.7893e-17,5.3808e-17,3.1651e-17,-8.3639e-18,-3.9291e-18,-5.2146e-18,2.3492e-17,6.1565e-18,-1.0475e-17,-7.8291e-18,2.9629e-17,-2.6713e-17,1.6521e-17,3.1471e-17,2.5728e-17,-1.052e-17,-6.2371e-17,3.7449e-17,7.8836e-17,6.6667e-18,0.040507,-3.2231e-17,-3.1866e-17,3.1662e-17,3.4008e-17,-6.8636e-17,-1.901e-17,2.0718e-17,7.5747e-18,6.7784e-17,-1.6937e-17,6.2737e-18,3.1599e-17,1.0007e-18
7.7909e-17,-4.1733e-17,4.8784e-17,-4.9939e-17,-1.8161e-17,-4.9639e-17,-9.0574e-18,-2.6782e-18,5.9544e-17,-4.1494e-17,-1.6095e-17,2.0785e-17,2.3527e-18,3.0673e-17,4.3799e-17,-3.6149e-17,3.0016e-17,-5.7421e-17,-1.6253e-17,2.8608e-17,6.0738e-17,-3.1336e-17,1.5403e-17,2.3909e-17,8.6146e-17,-3.9402e-18,2.7687e-18,-4.9708e-17,-1.6978e-17,-5.7683e-17,4.7009e-17,8.389e-17,-3.9277e-17,-1.9249e-17,2.3291e-17,7.4078e-17,7.0037e-17,-2.884e-17,2.9732e-17,-6.4052e-18,-5.7946e-17,1.1418e-18,1.8213e-17,-1.1118e-17,3.7985e-18,-2.5632e-17,7.686e-17,3.9675e-17,1.4466e-17,5.1095e-17,7.5544e-17,-2.1686e-17,-2.8955e-18,-1.6097e-17,-2.0333e-17,2.9431e-17,3.8569e-18,3.7811e-17,1.9202e-17,-4.3773e-17,-2.0421e-18,4.6387e-17,5.9563e-17,1.4502e-17,-5.6118e-17,-2.6762e-17,-3.2078e-17,0.040507,6.0749e-17,9.5338e-17,2.5727e-18,5.2294e-17,-9.2862e-18,-4.3338e-17,3.6072e-18,2.3067e-18,1.7818e-17,-6.7253e-18,3.1801e-17,1.3233e-17
-7.8877e-18,5.8485e-17,2.971e-17,-2.0689e-17,3.2624e-17,6.8908e-18,2.3775e-17,3.1891e-17,-5.4246e-18,-2.9683e-17,-3.2289e-17,5.4248e-17,-2.4261e-17,6.6884e-17,1.6672e-18,6.0265e-18,4.0881e-17,2.7995e-17,-3.9756e-17,-1.835e-17,-2.9554e-17,1.317e-17,3.7476e-17,3.402e-17,4.9309e-19,-1.7904e-17,3.7753e-17,5.0117e-18,5.8481e-17,2.3124e-17,-3.9254e-17,-3.3471e-17,1.9548e-17,1.5099e-17,-1.8584e-17,-2.1713e-17,-2.6002e-17,3.3578e-18,-3.9346e-17,-4.0947e-18,5.602e-17,6.487e-17,6.9513e-17,2.3574e-17,-1.198e-17,2.2947e-17,-3.6857e-17,-3.637e-17,-3.4985e-17,2.481e-17,-2.937e-17,4.6319e-18,-1.0079e-17,-4.8777e-17,-3.3398e-17,6.1898e-18,-6.1284e-18,1.3497e-17,4.6352e-18,9.7053e-18,-1.2014e-17,-1.4897e-17,-1.5197e-17,2.8459e-17,-4.7823e-17,-1.5714e-17,-3.2565e-17,6.0643e-17,0.040507,-3.8796e-17,1.41e-17,1.137e-16,5.4455e-17,-5.9541e-18,-1.4888e-18,-9.7969e-17,6.3883e-17,-1.1024e-17,-9.087e-18,1.2808e-17
-2.4071e-17,-1.513e-17,-1.2863e-17,-9.3807e-17,5.6092e-17,1.7377e-17,2.8956e-17,1.2137e-17,3.2538e-17,-1.0641e-17,7.8247e-18,3.1154e-17,-1.6387e-17,-6.7395e-18,-4.1752e-17,3.3195e-17,2.8256e-17,-3.3588e-17,-4.3445e-17,2.3156e-17,4.9617e-17,1.531e-17,4.0086e-17,-2.826e-17,2.2928e-17,1.0625e-17,-1.7886e-17,-9.495e-19,3.5755e-17,-6.5171e-17,-5.4115e-18,5.5778e-18,-9.3759e-18,2.8539e-17,2.2865e-17,2.643e-18,-1.3384e-16,2.793e-17,-4.5951e-17,5.3541e-17,4.4868e-18,-1.3819e-17,6.5294e-17,2.9046e-18,-4.6791e-17,9.5534e-18,2.4715e-17,-4.1079e-17,-4.8915e-17,-1.9013e-17,-5.0146e-17,1.3547e-17,4.9029e-17,6.4026e-19,1.5131e-17,-1.2209e-17,1.5692e-17,6.8184e-17,-4.1598e-17,-3.545e-17,2.4628e-17,-6.7064e-17,3.8373e-17,-1.0964e-18,-7.3304e-18,-4.8354e-18,3.211e-17,9.5561e-17,-3.8813e-17,0.040507,-3.7878e-17,4.1777e-17,2.446e-17,-1.404e-17,7.2261e-18,-9.9653e-17,1.4035e-17,2.8669e-18,-3.2422e-17,-4.4432e-17
-1.0561e-17,-3.2931e-17,3.9811e-17,-2.1786e-17,1.2398e-17,9.9323e-18,-1.6256e-17,1.653e-17,-2.2533e-17,3.6815e-18,3.6177e-17,-1.8437e-18,1.8711e-17,1.3895e-17,-3.0335e-18,2.2267e-17,-3.5154e-17,2.5223e-17,1.7922e-18,-2.7965e-17,4.6694e-17,-3.0422e-17,-3.1737e-18,-1.173e-17,-3.379e-18,-1.352e-17,2.0328e-17,2.1371e-17,2.9336e-17,-2.9262e-17,4.8301e-18,-2.255e-17,1.7918e-17,-1.3885e-17,-5.7317e-17,2.8779e-17,-3.6824e-17,2.0151e-17,-1.468e-17,4.4832e-17,-1.1636e-18,-2.1618e-18,1.9034e-18,-1.6941e-17,-5.5617e-17,-2.0216e-17,2.0264e-17,7.4129e-19,-2.1516e-17,-1.9631e-17,-4.6611e-17,-5.2111e-17,-3.2032e-18,-2.1509e-17,-2.3093e-17,4.8232e-18,-1.6232e-17,1.8786e-17,-1.3045e-17,-2.9695e-17,2.9421e-17,-2.9965e-17,3.7016e-18,4.9862e-17,1.7401e-17,1.6111e-17,3.4164e-17,3.2519e-18,1.4871e-17,-3.788e-17,0.040507,-2.6937e-17,1.2422e-17,-1.0733e-17,1.0046e-17,1.1983e-17,1.7422e-17,-3.192e-18,-2.9375e-17,-2.7438e-18
1.0829e-16,2.7787e-17,-1.1213e-17,4.8741e-17,2.2979e-18,-3.4487e-17,1.315e-17,5.7184e-17,-4.1041e-17,6.3787e-17,3.6395e-17,4.9908e-17,-1.5354e-17,9.0102e-18,3.2391e-17,-1.1212e-17,-1.8177e-17,-4.2564e-17,5.6362e-17,1.35e-17,-4.1042e-17,3.5361e-18,-1.437e-17,-1.402e-17,8.6238e-18,6.7987e-18,3.0695e-17,1.8263e-17,-6.6099e-17,5.8174e-17,2.255e-17,-1.5051e-17,3.2388e-17,-4.0583e-17,2.0293e-17,-4.7203e-17,4.3895e-17,-7.5216e-17,5.3566e-17,-1.5033e-18,-7.0232e-17,-1.5081e-17,-2.1385e-17,-8.6767e-18,7.3928e-17,-1.1823e-17,1.2253e-17,3.553e-17,-2.5751e-17,-2.7874e-17,7.733e-17,2.569e-18,1.1329e-16,-2.9607e-17,6.6498e-17,3.3706e-17,-3.1215e-17,-1.363e-17,-4.2846e-18,6.019e-17,-2.8884e-17,7.9292e-17,3.9497e-18,-3.0261e-17,8.5824e-18,6.3118e-17,-6.8428e-17,5.2015e-17,1.1393e-16,4.2127e-17,-2.6703e-17,0.040507,3.333e-17,2.0391e-17,5.5371e-17,3.0854e-17,9.3555e-18,-1.4632e-17,8.4922e-17,-1.4649e-17
5.2942e-17,-2.4188e-17,4.2867e-17,-1.9694e-17,-3.5074e-17,-2.4347e-17,1.3565e-17,1.3983e-17,-1.756e-18,-2.3743e-17,-2.0534e-17,3.4052e-18,-1.3445e-17,-9.6496e-18,1.1378e-17,2.6569e-18,4.4209e-17,-3.5547e-17,-2.3441e-17,2.6129e-17,5.1788e-17,-6.7321e-17,3.388e-17,2.1877e-17,6.2458e-19,-5.407e-18,-2.4434e-17,-5.8648e-18,-4.3598e-17,-1.4816e-17,-2.29e-17,2.7476e-17,1.4657e-17,4.9246e-18,2.5633e-17,4.8706e-20,3.9505e-17,2.7135e-17,3.6047e-17,1.1947e-17,-2.9623e-17,-2.7997e-17,1.8885e-17,-2.5054e-17,-2.4809e-17,-2.8958e-17,-2.6037e-18,1.1121e-17,1.9349e-17,-2.4422e-17,2.1582e-17,-3.4029e-17,3.057e-17,-1.2106e-17,-1.3488e-17,3.1757e-17,8.3782e-18,-1.291e-17,1.2936e-17,1.3278e-17,1.0672e-17,4.3049e-17,-3.3181e-17,9.301e-18,-3.8046e-17,8.4487e-18,-1.9265e-17,-8.88e-18,5.4649e-17,2.3568e-17,1.2073e-17,3.3198e-17,0.040507,-1.9813e-17,3.0775e-17,-6.0159e-17,-5.2877e-17,3.5863e-17,2.9724e-17,7.3232e-18
-9.5612e-17,6.826e-17,-3.1445e-17,5.2042e-17,-6.8676e-17,1.7014e-19,-3.9831e-17,2.585e-18,-1.9361e-17,-2.7309e-17,2.5458e-17,-1.2086e-18,-4.9385e-17,-2.5735e-17,-3.9182e-17,-3.8206e-17,-3.6398e-17,2.8069e-17,3.4611e-17,-4.3425e-17,-5.7793e-17,2.6674e-17,-1.988e-17,1.9241e-17,-2.5924e-17,-1.6654e-18,8.9901e-18,2.5323e-17,3.1523e-17,-1.9514e-17,-6.8031e-17,-6.5142e-17,1.4178e-17,-2.8637e-17,-3.2671e-17,-4.3119e-17,3.4427e-17,-8.0486e-17,-8.1623e-17,-2.5328e-17,3.06e-17,6.1692e-17,-4.0654e-18,4.034e-17,4.7053e-17,-2.4054e-17,-2.299e-17,-2.2517e-17,-1.2339e-17,-3.4578e-17,5.4773e-17,3.6491e-17,-2.9729e-17,-2.2585e-17,4.4401e-17,1.9391e-17,9.4277e-18,-8.9794e-18,7.1059e-19,1.2949e-17,1.891e-18,-6.9989e-17,4.3435e-17,8.2836e-18,7.0414e-18,-2.1474e-17,2.0769e-17,-4.4009e-17,-6.3506e-18,-1.3687e-17,-1.1176e-17,2.0915e-17,-1.9674e-17,0.040507,-1.9576e-17,1.2608e-17,2.8602e-17,3.549e-17,-5.1598e-17,-7.3093e-18
-2.4592e-17,4.1892e-17,-6.517e-19,-2.741e-17,-2.2378e-17,-1.0748e-17,2.9835e-17,5.9172e-18,4.3072e-17,-7.0218e-19,8.5684e-18,-3.3013e-17,-1.8636e-17,-5.2424e-18,-1.1992e-17,-2.5026e-17,4.5548e-18,-1.6091e-17,-4.8252e-17,-2.3452e-17,6.078e-18,2.0027e-17,-8.3001e-18,3.3592e-17,4.4465e-17,1.0265e-17,1.0888e-17,-1.3718e-17,-1.3742e-17,-4.5433e-17,-4.5058e-18,-1.5511e-17,1.0192e-17,-1.6028e-17,1.2845e-17,-9.0778e-18,-6.0299e-18,-1.2945e-17,-9.6197e-18,-2.6793e-18,-5.4131e-17,2.6944e-17,3.6517e-17,2.6088e-17,-2.0387e-17,-1.619e-17,-7.8671e-18,1.7726e-18,1.7427e-19,1.0095e-17,-2.3244e-18,9.0779e-18,-6.1426e-18,-2.8351e-17,-1.9421e-17,-4.1918e-17,3.6087e-17,-1.8041e-17,1.35e-17,1.5682e-17,-3.5871e-17,-1.3751e-18,-8.4461e-18,-1.8688e-17,-2.5455e-17,4.4539e-18,8.1072e-18,3.2246e-18,-1.2731e-18,6.8398e-18,9.637e-18,5.3596e-17,3.0575e-17,-1.9989e-17,0.040507,-7.1492e-17,-8.3278e-19,-1.6015e-18,2.0442e-17,3.0575e-17
-1.3873e-17,4.0957e-17,-4.3581e-17,2.4179e-18,5.2542e-17,1.0927e-17,6.7279e-17,4.2827e-17,5.8807e-19,2.4023e-17,-6.0904e-17,-3.0449e-17,-3.6211e-17,4.3983e-17,-4.2684e-17,2.3421e-17,-2.1047e-17,-1.9365e-18,-4.3597e-17,1.5556e-17,3.325e-17,1.0667e-17,2.1727e-17,4.2997e-17,-3.5164e-17,-3.3035e-17,5.3832e-17,9.2677e-18,-2.0906e-18,9.4167e-18,7.0631e-18,-3.0537e-17,-3.5377e-17,2.2464e-17,-6.489e-18,-3.2199e-17,-4.6946e-17,5.5503e-17,-1.3683e-17,4.4382e-17,-6.9039e-18,-4.5339e-17,1.3889e-17,-1.0253e-17,-8.7423e-17,2.7795e-18,-1.0849e-16,-1.632e-17,-4.3391e-17,-6.342e-19,-2.2972e-17,-9.4992e-18,5.7384e-17,3.1921e-17,5.8557e-18,-2.4238e-17,-9.8587e-18,-5.3804e-17,2.0083e-17,2.1832e-17,1.5939e-17,1.2798e-17,-7.2602e-17,3.1722e-17,3.039e-17,4.6059e-17,6.7343e-17,3.7256e-18,-9.7461e-17,-9.9714e-17,1.2444e-17,3.1037e-17,-5.9231e-17,1.2301e-17,-7.1371e-17,0.040507,-2.3089e-17,8.0645e-18,-2.637e-17,-1.7052e-17
-3.3413e-17,3.3023e-17,-5.2607e-17,5.341e-17,-3.8985e-18,-2.9202e-17,4.0791e-17,3.3726e-17,-7.7243e-18,-2.533e-17,1.9837e-18,9.5215e-18,-1.8626e-17,-2.8273e-17,3.7955e-17,6.0217e-17,6.1652e-18,3.4447e-18,3.6917e-17,1.7387e-17,-2.8791e-17,6.2243e-18,1.2305e-18,7.2646e-18,1.3345e-17,4.1756e-18,-4.9993e-17,2.0429e-17,6.4626e-18,-3.6235e-17,5.0676e-17,-4.687e-17,1.1515e-19,2.4482e-17,-1.1633e-17,-7.8168e-18,-8.6569e-18,7.7582e-18,4.2388e-17,-2.662e-17,2.5031e-17,5.3827e-17,6.8232e-18,5.7308e-17,1.5409e-17,1.095e-17,-2.4106e-17,-3.5211e-19,7.596e-18,-4.0983e-17,4.3039e-17,1.0971e-17,-3.8986e-17,-1.4865e-17,-2.532e-17,4.9708e-17,9.4317e-18,3.843e-17,-1.5932e-17,-5.9513e-18,2.2311e-17,-1.4036e-17,3.6443e-17,5.8172e-17,-9.1604e-18,-2.2633e-17,-1.6963e-17,1.8023e-17,6.3475e-17,1.4234e-17,1.7705e-17,8.5648e-18,-5.3063e-17,2.9309e-17,-1.8119e-18,-2.3559e-17,0.040507,-3.3515e-17,1.9569e-17,-1.6508e-17
-8.25e-17,1.695e-18,4.6408e-18,-1.1559e-18,1.4604e-17,-3.508e-17,-4.6244e-17,1.6866e-17,-3.6727e-17,-2.1361e-17,-1.8519e-17,-2.5432e-17,2.5963e-17,-1.5036e-17,-5.5681e-17,-1.4693e-17,1.0864e-17,4.8636e-17,-4.4562e-17,-5.2786e-18,-1.2294e-17,3.7457e-17,4.0859e-17,1.3929e-17,1.0978e-18,-4.5725e-17,4.7743e-18,-6.9542e-18,-7.8773e-18,1.2353e-17,-6.3169e-17,2.355e-17,1.2193e-17,3.7752e-17,-4.871e-19,-4.1199e-17,-3.8244e-17,-6.6464e-18,-2.8239e-17,1.9877e-17,2.5133e-17,-4.0865e-17,-9.2413e-18,2.9294e-17,-3.5281e-17,4.6344e-17,-1.8574e-17,-3.4054e-17,-1.4479e-17,-3.9623e-18,-2.1476e-17,-1.3984e-17,-4.7827e-17,-4.6062e-18,-1.52e-17,-7.9085e-17,5.8557e-17,-1.5e-17,3.8248e-17,2.4597e-17,-1.2851e-17,9.4484e-18,9.618e-18,-2.8731e-17,9.5263e-18,-4.4165e-17,6.2404e-18,-5.9196e-18,-1.1132e-17,1.8409e-18,-3.2758e-18,-1.3775e-17,3.5343e-17,3.5583e-17,-1.9413e-18,8.0917e-18,-3.2921e-17,0.040507,-4.0836e-17,6.5515e-18
5.3378e-17,3.1052e-17,-5.1586e-17,1.0202e-17,2.2883e-17,1.4325e-17,9.5602e-18,-1.2082e-17,2.3202e-17,-9.2087e-18,-6.1492e-17,-2.3913e-17,1.6443e-17,4.2525e-17,2.8757e-17,2.1508e-17,4.5463e-18,-3.7241e-17,-3.529e-17,2.1486e-17,4.2894e-17,5.4183e-17,-1.2816e-17,-6.1581e-18,2.7511e-17,-5.9302e-18,2.1469e-17,-8.5756e-18,-5.454e-17,2.776e-18,8.0743e-17,1.805e-17,6.7629e-18,2.8446e-17,5.2329e-17,-6.3658e-18,-6.4783e-17,7.3146e-18,5.6104e-18,2.7075e-17,-3.719e-18,-3.2165e-17,5.3055e-18,-1.6812e-19,-3.489e-17,-1.6667e-18,4.327e-17,-1.5007e-17,1.2398e-18,-2.0958e-17,-1.2458e-18,1.648e-17,4.1758e-17,-1.5647e-17,4.8584e-17,-2.0555e-17,-3.1887e-17,5.5846e-17,9.3881e-18,-1.4822e-17,-3.1431e-17,2.8741e-17,6.948e-18,8.8036e-18,-3.8447e-17,-1.8829e-17,3.1648e-17,3.2256e-17,-9.4344e-18,-3.2349e-17,-2.9176e-17,8.5039e-17,3.0409e-17,-5.1587e-17,2.0366e-17,-2.584e-17,1.9473e-17,-4.0869e-17,0.040507,-1.7542e-17
-5.9117e-18,8.6852e-18,-4.0126e-17,-9.4488e-19,1.9333e-17,-1.1084e-17,1.5375e-17,-7.7481e-18,2.9617e-17,3.3902e-17,-3.4033e-17,4.8001e-18,3.2811e-17,1.4397e-18,3.1748e-17,5.5411e-18,2.3554e-17,7.7908e-18,6.5265e-19,-7.5261e-18,1.5922e-17,-1.7621e-17,8.6735e-18,-2.4974e-17,9.5058e-18,7.9123e-18,4.7383e-18,-2.1967e-17,-8.1533e-18,2.0088e-17,5.0067e-18,-2.2889e-17,1.1931e-17,-5.4714e-17,7.86e-17,1.0101e-17,-1.5108e-17,1.257e-17,-2.2359e-17,-2.4481e-17,-2.1679e-17,2.4628e-17,-1.6528e-17,-8.1222e-18,3.2003e-17,1.5647e-18,1.326e-17,-2.0768e-17,-3.8627e-17,-2.1811e-17,8.7609e-19,1.9075e-17,1.3879e-17,3.4604e-17,2.1561e-18,-4.4928e-17,-5.3057e-17,1.2286e-17,-4.8551e-18,-1.5175e-17,-5.7283e-18,3.4583e-17,-1.4969e-17,-6.1454e-17,-4.2651e-18,-3.4314e-18,1.8195e-19,1.3433e-17,1.2984e-17,-4.4944e-17,-3.2188e-18,-1.4897e-17,7.108e-18,-8.1923e-18,3.0953e-17,-1.8768e-17,-1.5726e-17,6.5285e-18,-1.7069e-17,0.040507
