,0,1,2,3,4,5,6,7,8,9,10,11,12,13,14,15,16,17,18,19,20,21,22,23,24,25,26,27,28,29,30,31,32,33,34,35,36,37,38,39,40,41,42,43,44,45,46,47,48,49
50,0.27873238680544,0.09865789792450179,-0.20010234027233406,-0.2469772505986163,-0.08406090549687971,-0.04730627214856803,-0.29189068260685974,0.03291082389001552,-0.029980436547763098,0.2763090777680463,-0.06685329610100157,0.4575863014418695,0.18889078624410655,0.35467226050904227,-0.47232700823835994,0.17209279028013447,0.09226147872101367,0.1664552297831127,-0.22883229017403864,-0.27887226212749056,0.1361403017080318,0.28084842681510636,0.2394315800539719,-0.05918482942869566,-0.037958610516076706,-0.2804045654158214,-0.04958520131931855,0.2380272236905872,-0.08532160025520905,-0.12992669668512144,-0.09490545568397266,-0.06277585707778653,-0.01570882055152471,0.2153510896801973,0.27824667531352426,-0.2435067807787005,-0.07322335111763854,-0.06598407107383505,-0.16843884792806355,-0.030213960468832336,0.39712067532879525,0.13717020519907935,-0.006877627187622919,0.1094816888034108,0.24968849486195693,0.3991948507607707,-0.1391244804252303,-0.2668231701937422,0.39614803444954827,-0.22163506649527945
51,-0.0050951275579796465,-0.04200979951824846,0.06185931091914046,-0.11367631816148094,-0.02819190966143687,-0.2010761069520195,-0.4418584905264198,-0.20963312821762303,0.09590425398813451,0.37810956446336047,0.12623773847319206,0.04083100529020245,0.14278396712255134,0.030664959018221385,0.12859293124134283,-0.0837604009773134,0.032133292870213485,0.01034857753064756,0.13553028304817458,-0.19541205987437316,-0.04269661714046522,-0.15521312138057433,-0.329530732825239,0.07660814966636081,0.022289733414817374,-0.022197186365775584,-0.0050394051076226905,-0.027351296455196728,0.27449248301582907,0.04745051900730793,-0.3609230614907457,-0.011309914440267224,-0.03393255730900619,-0.2985909512019019,0.0003303175189429998,0.125291267927771,-0.3396991240083975,-0.011722112866707256,-0.07368624489013405,-0.08669395703273378,0.06983831279978951,-0.03912788554847134,-0.25007993537347256,-0.06543609465752108,0.11931793015774553,-0.16900440081344062,0.23478227118248812,0.12310183617997153,0.14434077774108275,0.1689167365939863
52,0.23923521214595223,0.1797294935560659,0.10030737634682824,0.21049525286503765,0.07853612602084822,-0.3435897092608909,-0.04614814440322043,-0.0036876074989239563,-0.027414550151852332,0.08437104090206521,-0.49096836249949355,-0.18363271371984607,-0.14743403636457078,-0.3116887831172447,0.14250761814694934,-0.3128402758969604,0.19527705090581626,-0.3543261958101267,0.11429734368056084,-0.2615775538698886,0.037067606219576325,-0.004130522188653961,0.1276459786213354,0.25205774470505254,0.002475452611599972,-0.08613596925206311,0.19838930316114073,0.31037073164983875,0.20342932906354366,-0.13492603245972867,0.15476539911072193,-0.07911590984649772,-0.25950513622632415,0.11285791899938565,-0.18284161503095586,0.19576996204428918,0.27964209874802515,0.196444367716363,0.12431353951495001,-0.48960541731803675,-0.1487192144717271,-0.08703474193781845,0.034667583630551904,-0.2281777246998377,0.4816146773208447,0.1181372742764916,-0.04330987043391131,-0.18478871326683544,0.10865574597637068,0.09276519070130876
53,-0.06775865239830627,-0.3862166259156453,0.011344738421329248,-0.3556818107618577,0.13419141545683097,0.10628091063177501,0.04581059186292618,-0.29805237489922687,0.02536981855005348,-0.08085037256266185,-0.11600929612597188,-0.09531747682741018,0.02359890645167459,-0.03858086112406603,-0.20840885195326,0.062098410096598534,-0.16508775521435146,0.17306193263977557,-0.34471476978947946,0.15697468545137946,-0.07120796851516031,0.45397045386828144,0.20097502486449634,-0.053417605218172404,-0.1782496858535903,-0.3312225583167278,0.12781252509366503,0.48674729007087625,-0.03757324086681689,0.18499076271424536,0.1259705024033212,-0.07517276815105195,-0.03151889211111957,0.44038835005236465,-0.1547201986435864,0.11592269238613147,0.12279506096550052,-0.07518446759845646,0.23499465564051564,0.33879399568546964,-0.041804446965379966,-0.12412939514135335,-0.3323789564062204,0.08256455604174301,-0.18521471437887582,-0.258277101915232,0.2007993588200015,0.28880177625305653,-0.03780052824955627,0.26347680997372813
54,0.11111381085685029,0.2773785552220884,-0.330913804330948,0.06557569665512701,0.016900727516178757,-0.39147510069815283,0.05234147314461854,-0.0605125374494088,0.11821435841812561,-0.002544215546700799,-0.06180241459922863,0.1708991795572769,-0.01467389428335298,-0.08238488639680688,-0.020481756868640632,-0.5165634684011989,0.20365747093103878,-0.2630142449692529,0.36050053434324175,0.06476187220422105,-0.0722678454478218,0.05916120986538003,0.334927303539086,0.010849892541598932,-0.047093051389456436,-0.12561378099477347,-0.01932494858191448,0.04947694822250595,0.16414432463727546,-0.17579311715135632,0.2852357017453457,0.12346925113246682,-0.08757193898343317,-0.012946469594547686,-0.16227106518852608,-0.41592816899833696,-0.5204065159486535,0.22509237952687575,0.15223974709175708,-0.2134477122398889,-0.13001618230956866,-0.1595062618636306,0.20577398658735013,-0.12480612568582393,0.29555135465208504,0.22815073857406698,0.06953783160633979,0.05322801916108649,-0.1432294711742451,-0.4366208231106117
55,-0.09674676160485676,-0.12689093973026389,-0.37923277939385835,0.11492697573488825,-0.2071802821283667,-0.0452664111698845,-0.12001375708731188,0.2037889608056018,-0.041115230374726315,0.2188242885382508,0.08795834151836367,0.14423446895597644,-0.2249919251090808,-0.20333161793513935,0.01856441973469256,-0.02659267611623043,-0.0808764761834142,0.21518918020676048,-0.23914886441963554,0.3118981038768291,0.08260916720462166,-0.10913295722128458,-0.08785114298757093,0.050621367676622814,0.0898116751233724,0.05297277087608333,-0.1457813524035782,0.2665395380957586,-0.18102159059050638,0.3097633332221019,0.11761603506822645,-0.2695981709913803,-0.12934657649052478,-0.1171865965600981,0.29014226535603826,0.07522877317052262,0.041500902122480116,0.49157643428704784,0.019424714113137457,0.16459832445650235,-0.228059688392383,0.03453444730437332,0.11555743906688541,0.026554038039063973,-0.3005560327725818,0.36340314967783965,0.11350607460713452,0.16203681638396683,0.3179587758027236,0.17360452621457306
56,0.18363693384510138,0.047408417601786455,-0.004616779991677372,0.433718415477944,0.060723053135668906,-0.3601281737032407,0.04668091781165107,-0.1187258838596411,0.428164426772335,-0.0403948948386325,0.15312238339514073,-0.3619119858470494,0.2912615878496649,-0.0307460536908527,0.23155710168882943,-0.17749511399431717,0.05307077169357316,-0.20205561119407475,-0.277388593696771,0.04219015429877968,-0.1124697636299966,-0.1991364286922994,-0.0726497781235396,0.2327827282724027,0.22775543130188092,0.29895669712111944,0.3137407000453903,0.00400596240407428,-0.011244960758899789,-0.09518091336613461,0.22846271415037736,-0.16573288000116232,-0.3892637793724861,0.1744242516549697,0.17625851601359502,0.10759297527039463,0.019005391144948598,-0.30476914132273764,0.06844322812151592,-0.02975976823775811,-0.37707483575091044,-0.30309949949835513,-0.28488396713141134,0.4203994713600941,-0.29928310028986904,0.055789399515845876,0.19545617627240378,-0.2478390390986395,-0.3055162495034797,-0.009944976181961636
57,0.13118240208835827,-0.1124051988254669,-0.0921339020033285,-0.03629363053914742,0.19172887553289053,-0.0862376449350526,0.36890376040408046,0.059551515508808606,-0.006504671427673352,-0.47193351300839714,-0.19431176970662722,0.13009457467976668,0.07109523661927065,-0.0165472287915776,-0.13011118604027658,0.15949628963537776,-0.34025319472846044,0.47424786502557387,-0.06519402345293496,-0.08863570554566745,0.006162503925750823,-0.12514294784513333,0.06190510361552714,0.1080673323944489,-0.10202982196689153,0.1179944232165413,0.046060216288727106,-0.04037260786059703,0.1444146669901582,-0.08560756932619164,0.16087955701576107,-0.14071350959200293,0.3023326488099647,0.07863634109631498,-0.01683399650815624,-0.13093099920941487,0.1195153819448056,-0.32497978067871686,-0.2618528479994547,0.04811449150499708,0.2648052355561081,-0.032221115290838445,-0.1555297234853917,-0.11364586789095399,0.12149137595248623,-0.09174638783217351,0.646711581078052,0.11897943475833306,-0.3104724274273586,-0.06737039798023813
58,-0.0025893092220772742,-0.24508456385551544,-0.17221851930873416,-0.09465859672008826,0.27092241913845927,-0.16804268227792907,-0.07817294718558335,-0.18366718152372324,0.2477996045981207,0.05124291479840527,0.030565797668881192,-0.03849440093282642,0.08498430129059446,-0.08026067588373831,-0.24387761892254414,-0.49881264523811614,0.028746761850471498,0.38304833395149285,-0.2092940738239072,-0.1710462371663144,0.05545776565961485,-0.2751233133745494,-0.11461076503850293,-0.15942278250602435,-0.1180167946851653,0.37026459137835116,0.19228532675389381,-0.09973494099762112,0.45935996792844497,-0.20114595200290297,-0.030936570866396236,0.042603158035052616,0.22759686638483037,-0.041555984441309285,-0.28863358832362246,0.035265740126822646,-0.2853123015038459,-0.4796500002525359,0.025302942562531124,-0.04495687696447552,0.26044610267377877,0.15915101104336385,-0.07338737850674691,-0.017240414800180206,-0.10447423692744673,0.13962514646984894,0.09203327329156402,-0.38581047687860703,0.26359804223109895,0.2882927620072357
59,0.13630947325650253,0.33603198424339314,-0.179378081654475,-0.24833413899822387,-0.3103158206891295,0.02845755707264196,-0.14580621883922681,-0.3074033819805349,-0.31621290504408506,-0.09143896193272144,-0.1289501342962634,0.16224429407018295,0.296968094763693,0.1565713736556541,0.2021311833988374,0.05840127180356067,0.005678108769579246,0.29538630866149923,0.20830150242242987,-0.16790926556390565,-0.26794744192019865,0.2711236808292757,0.21875493428266368,-0.10240648584412221,-0.08223820413944936,0.1669558778223616,-0.14372915100561956,-0.08010110823718808,0.15739238797835844,-0.4694953756030833,0.06982723789067789,0.2355927742212845,-0.21172207144837266,0.26236027870479717,-0.20889755665608895,-0.02817683875126671,0.19257009005468512,-0.11698742460905752,0.19448945493157543,0.04563641161758813,-0.20792674719958645,0.011270778336005455,-0.17145511147759274,-0.0574991018657832,-0.10716263787434897,0.12501785538405022,-0.23791789899105287,0.4792505229291413,0.5698952917253931,0.5100569088191053
60,-0.48885823227741554,0.11220641769465739,0.008970203799763278,-0.11816267008167394,-0.019012759087545832,-0.33848745754592136,-0.10119187298314598,0.11642586384367865,-0.2487337093643326,0.14141825776683178,-0.24237004122989397,0.2208163268540887,0.1549256559323366,0.033985408773604286,-0.2088253048612302,-0.06275305182533324,-0.10679182278170199,-0.1254805082874248,-0.1956962732408383,-0.47731409919542805,-0.18268923666986317,0.17920738858029456,-0.20017889589663054,0.28764222336271394,0.09641474559788998,-0.5835112132254726,0.0511304756102162,-0.11933233862640472,-0.11410177673538013,0.0733232502244703,0.5352892186584381,-0.23453284010509898,-0.15312722865633976,0.09619455798149161,0.07127765239489037,-0.13817245263834632,0.12092211240157442,0.1600356986387513,0.08750452261702338,0.2074633750360212,0.12799445935452178,-0.1519187505857299,-0.095298664979991,0.07995727122493583,0.093260205032053,0.0680714180142146,-0.09293707595244671,0.1507136349246928,-0.24353563746619541,0.06265935763261436
61,0.0072542576469488175,0.0901343565212638,-0.020780892514867987,0.2509568270125098,0.08308247197365469,0.1301336381422212,-0.14668093160334808,0.07572210632859949,0.2680937787004125,-0.050500907774085974,0.07801582984937659,0.010941203980813368,0.0672634778365646,-0.044440781296191986,0.0835627027314927,0.18430417440387753,0.21281636905532786,-0.2700527641745946,-0.27998687927723553,0.15392589377565355,0.24825561315468636,0.23638840880277173,0.2400963239835912,0.05484405928391119,0.003447957895221228,0.19288429535606808,-0.1240830760563712,0.043652250857245015,-0.05322021504666821,-0.10035609404771986,-0.09976500093107063,-0.19393657618679305,-0.09541669240482314,-0.27882430278990783,0.09500506279445523,-0.20329708486811657,0.25935354833973157,-0.06343916125065802,-0.1303483990960449,0.24100501743628067,0.04849388199219287,0.025701600963652427,0.08852154128881246,-0.10148473987159944,0.2622135819242066,-0.30953278301653414,0.15775597939922525,-0.010982591827679336,-0.21531730556264905,-0.3644071475178379
62,0.031842413090940345,-0.11362998056440797,-0.14255000558857894,0.3409830589094627,0.2778171248591217,-0.02875960263107191,-0.2687029626247552,-0.10840552302127869,0.07836842922861828,-0.26989088624738305,0.15368041744735916,-0.14301435185038877,-0.35445615769684224,-0.4603239462614756,-0.029392899958674647,-0.050389314117991524,0.3346356278474403,0.2401681804718984,0.2812595303207925,0.09864390829189837,0.020749787787206746,-0.029026295570048155,-0.11040499831513598,0.05418443255614217,0.3420704418584546,0.08108651051141842,-0.21844806132201305,0.20355729277432832,-0.04365834824896813,0.07572328823137414,-0.02231169248400364,0.012257341052467355,0.19224616297349734,-0.26211944280648874,0.14610907928035727,0.09952162612613287,-0.1101549798550076,0.04672484294536445,0.0660164716725859,0.12947682940690014,-0.16822090087727493,0.012999672996145135,0.29492443276800134,-0.242592260548532,-0.20940830716587883,-0.28288689762924224,0.029789842642374255,0.024191182065122885,-0.4017645240521853,0.32234087074782736
63,0.04698193820634114,0.18260166397305144,0.1446908937838443,0.043327716292405165,-0.10292275407050858,-0.28167407572646086,-0.02798507574610389,-0.0684439988400105,0.007270175786440503,-0.07912201786930195,-0.19043851015816116,0.3278679228918142,0.3055366869297227,0.13268202392323153,0.004550168129222601,-0.06829212012074455,0.07202787197000439,-0.15499837100930897,-0.2880677793514975,0.034644575551635866,-0.19229298095939992,-0.19955346779281113,0.04053843357879621,-0.0031698813792222394,-0.2568193318766028,-0.29363496888250146,0.03900909011589837,0.18117994002448667,0.09388815171008653,-0.09684065221959459,0.10888379786138858,0.04254212283561923,0.037662208576056525,-0.10299508211359723,0.3408705694046598,-0.13093387594780356,0.008486298961666512,0.2547838969484133,0.265475799165803,0.14822199761688712,-0.2525504254725094,0.10334577053215466,-0.12258634994576936,0.04348426478246248,0.14563824457947458,0.2601041963259672,-0.08104346363891157,-0.02041734045575793,-0.2726538577530004,0.1549533617027268
64,-0.3772858900975293,0.26605242117044775,0.013877556587204371,-0.26618841181880265,0.0774881520804611,-0.09271707693756152,-0.3457633966845046,0.3299814619938967,0.029744207716705037,0.2765790528223747,0.02536109525562477,-0.1258769865178889,-0.15027384018747175,-0.09674402548940056,-0.2488022528555067,0.37144439136921004,-0.03417833201992645,0.18332127396961337,0.14597325888286178,0.1114379630136157,0.00620508225489202,-0.08793688862314651,0.03178832180183832,-0.07716748508318433,-0.39064238092028164,-0.12560786441229346,-0.04490427435014107,-0.31208568237636053,0.004364614377969572,0.007433998793527078,-0.5014560945967086,0.0007138258694918331,0.10357063418332368,-0.20458599132152427,0.19896225745981627,0.3208758862249228,-0.06680676402362952,-0.0741918582619076,-0.22872010027985146,0.025900455007151626,-0.1968171353942959,-0.03862901394182079,0.08557764276252647,-0.18637411652666597,-0.31178946227572346,0.0720120550390574,-0.037265824307935506,0.09917154082728342,0.1732176282770379,0.039213618883275486
65,-0.14819641506950795,0.051994664434159565,0.00642378710588613,-0.025511282886969862,-0.011590298888443469,-0.4821292042784035,0.028077119838801148,0.2584279021142001,0.049339264137159035,-0.367101052205077,0.00019872076943127683,0.20217413376442278,0.03578616687435142,0.0882778383923287,-0.0765190558677119,-0.07801410858805159,0.23066365970904235,-0.29032785431503844,0.24952694159853245,-0.030233070133262676,0.10804887407878859,-0.1785648257833991,-0.08175058531209335,-0.1727077621510642,-0.02652079478239924,0.2269940507852964,-0.08217137566430072,-0.24494346645980336,-0.12800279071254156,-0.19208161952415273,-0.11136714977670673,0.12525696544427786,-0.056752535619473465,0.15342256275855007,0.05143020635522649,0.004420018745082958,-0.41023550490307326,0.031184340154776787,-0.3072476051460659,-0.011558350557923936,0.18549839864742906,0.26671515300571896,0.00580318574813809,-0.283871799411641,-0.050403031395229426,-0.4281068124198593,0.5167547296767329,-0.013902035566848795,0.07052289666652663,0.2627796167012854
66,-0.19114860485419216,-0.18784143969724365,-0.13994201528844893,-0.14353133879139107,-0.0656600142174401,-0.09839299536041875,-0.4295761247980958,0.12155130908973233,-0.06599631857347067,-0.13066457842882703,0.03753352729329192,0.03489888600592078,-0.10928107985609903,-0.14298523351681572,-0.20956464035307662,-0.0304849225627578,-0.07893879042424169,-0.3197473567018091,-0.1816438756481233,-0.2597554201626104,-0.11788056441147483,0.04707541460655031,-0.04827113252397108,0.10345385210101088,0.28338629125335274,-0.045111649714842744,-0.09008615162765328,0.08388941594634171,0.22879784653732674,-0.024279283003932093,-0.4000472328720311,-0.23843805145521169,0.060231137438057664,0.30569062434891403,0.0028077335205554405,0.2201695617588067,0.14704561711870412,-0.21042125003641166,-0.03823169260338926,0.28460760242262145,-0.04876408142983785,-0.45714314960332275,0.036984852185956284,-0.19887140220919786,-0.08418858166654945,-0.011713591622414102,0.12272706018833557,-0.09541058988866996,-0.05923275322198404,-0.3375921194529048
67,-0.003794390262349079,-0.33672527776040356,-0.004778918702310713,0.11909775403035389,0.2687857880347699,0.5170031723293186,-0.02033778413685357,0.1771399483362444,0.03292272211034728,0.02553719255290933,-0.14777275939155685,-0.004379360858014199,-0.10235050315204786,-0.0012734989349190732,0.1402223056084092,-0.1672954261174916,0.049649464290591465,0.23872461449584975,-0.1733502634402888,-0.0400964657737982,-0.08939179730088001,0.28018231224534956,0.04719795347028532,0.11085981546148962,-0.04439195770722501,0.18577170636354307,-0.1160717996856952,-0.24981094256246808,-0.12202891461620469,-0.20332872571022897,0.31444583785277375,0.1706008338247736,0.3637055785667257,0.012747885890682193,0.3417508449597663,0.06558875924956332,0.5131968611598053,-0.0808645034956042,0.12465559693010858,-0.0031506494655478405,0.07310524725334572,0.32715381379805186,-0.09465782146161938,0.04299791230540567,-0.02505300712118085,-0.19898134247880683,-0.19157626677224465,0.20132690685651175,0.15588883255444644,0.22498815943090525
68,0.10488755516106907,-0.2884014717492804,-0.10900681685630852,-0.027236798402161318,-0.06810102111673057,-0.07899182675819358,-0.136150651233894,0.294406616570747,-0.1271243850892198,0.2260634479552761,-0.22996931840342283,0.1703860490022296,-0.056200438542700265,-0.17250217507632068,0.28509189008131836,-0.1888372237058216,0.2734751694481701,0.41349476292857795,-0.09960199308085999,-0.033734351174951,0.1645295797280652,-0.009891951231895395,-0.20471065566630725,-0.05348406218958151,0.22545753927216744,0.15126324652128356,-0.43511109543848037,-0.20416759660955372,0.21498503191965918,-0.1397189848202795,-0.2208163361802441,0.2316412712674127,0.03854558631918972,0.3411184817783552,0.3166762251379675,-0.08667285853841705,-0.0923347909197301,-0.2209058712741956,-0.039047973511030454,0.0049637105586057525,0.07433892861690546,0.2750214676202262,-0.18196032473577411,-0.4140644292064424,0.0780625752301734,0.11555498469571726,0.1313778077626151,-0.23071429376141253,0.06142957384991852,0.2229632695627903
69,-0.03413323513502268,0.014454142041374766,-0.3065958175904836,-0.0615420789032273,0.09348657577240936,0.004151984212097533,0.2947598932706424,0.015949557113319517,0.24241489085826173,-0.2317566277802041,-0.22095871828528602,-0.13038290808525702,-0.009849027008098418,-0.12887879088673324,0.047388544699373564,-0.1799008783066111,0.5118829490757314,0.18525915793183714,0.03369914467810927,-0.12114431792711687,0.4792163781747711,-0.39305046271459726,0.10048108915936127,-0.08687266068578604,-0.06879792321845811,-0.22574222193806393,0.2171258464739132,0.3083565719900305,0.18945343634443104,-0.03719132115179909,-0.1686644529280618,-0.07248383901898571,0.20700752071856915,-0.09983594043332401,0.27871593585581605,-0.2434632460530394,0.023364414309812894,-0.27060843233069626,0.17185466528568283,0.09116140869813676,-0.20991028901748857,-0.28229179011300237,0.12621276027372347,0.03929527311353409,-0.039885718832844835,0.19302985566033812,0.06085195387655558,0.023667045558288764,0.18346874070979446,0.22925299840847635
70,0.0871622778400943,0.009590548833955458,0.26237839147858705,-0.013114504842344008,-0.2517182775941264,0.25610331808893017,0.33146624687518744,-0.5238434662442502,-0.1996416465846819,-0.21382387487529286,0.1582673812628125,-0.01914755665043034,-0.1828775566991963,0.23411792941650714,0.12708136976878914,0.10829806458116426,0.1982611893662604,-0.15721847104194375,-0.07051593300614913,0.12463268172250122,-0.3843656394839024,-0.20897001325109532,0.24859921772731025,-0.1100442842942204,-0.09124528873343063,0.12200073648752269,0.20263748471465606,-0.24964749465462727,-0.13270833245584812,0.1683380654699011,-0.4102007125900425,0.39980197655692656,-0.2749803533011767,0.3369938323299574,0.3928481875933296,0.19162556855461021,0.3961689525779979,-0.19263977228569612,0.05931449107450716,-0.012499073963481589,-0.058311105877404804,-0.032893549157394224,0.15570952598535034,-0.007020930223025336,-0.060050145140637105,0.013678670136624247,-0.295425512956867,0.17533886867701692,0.3391151813452245,-0.23006654040860994
71,0.3051432239216991,0.33705580749893965,-0.017919790145232144,0.12855055020554304,0.22816931653602196,0.04984465905307152,-0.10750475784736269,-0.003923861705264898,-0.005310404915162314,-0.1460772524852881,0.32489640389361685,0.20298000399317165,-0.1731573199412091,-0.05949076673054859,0.36771756758677415,0.09601278088077421,0.10859999373202783,0.1491211896011629,0.7236465632511092,0.21279543492363107,0.028271566251028064,0.029934506940930194,0.27089772427495423,-0.20979312672576822,-0.005845690031055836,-0.141257402383764,-0.10028996582435075,-0.1712943447765488,0.038677965375207214,0.29360203477601515,0.4464489226274413,0.05998308370157582,-0.28932443937985364,-0.23456626383336557,0.1914142517952963,-0.18747200847019752,0.10897807936033213,0.044751876353973985,0.060736007102765846,0.23980561150893662,0.07558509347570158,0.1925943127507606,-0.06667546017774692,0.23156344510045437,-0.15614830725543843,-0.20233360800018518,-0.034361487856154935,-0.058916651701686834,-0.20045579659144425,0.02896619095467693
72,-0.052877409779006936,0.048351762478735766,0.2212619262684879,-0.1539402777513601,0.0632375464803067,-0.1985248146996724,-0.061019518887389795,0.07681466333775998,-0.1785788414911202,-0.12696119783889379,0.3897648894466092,0.34633950491786747,0.05939289507955231,-0.1538658984918047,0.13352998996552368,0.07727811283646008,0.039213288198820764,0.06869795623491734,-0.21377118336396395,0.23706032297625823,-0.04662738722565332,0.23102400817789884,-0.19940515978732423,-0.09006863719834896,-0.1708868200108293,-0.03651796705146948,0.006582529653991695,-0.0032629444003546416,-0.05131538948625006,0.1868216888407756,0.41116210376347323,0.07229976978119491,0.353023982967418,-0.04615683803041066,-0.07659363514198049,0.06927087895759691,-0.2322096796523339,0.12764793333841665,0.10182497636196011,0.07416926274029638,-0.2432066674984792,0.1183282847175635,-0.28686521743343185,-0.22655062577422044,-0.12737299014948564,-0.04869814511838204,-0.17641776351317462,-0.03764737682398582,-0.3438306036026233,-0.028137666914517873
73,0.17803917964702726,-0.052053252643729946,0.3254187936170294,0.12148241362229986,0.16649971993686766,-0.0687203112848673,0.2500597129914685,0.22555972815702707,-0.0085217575716298,-0.03473951362732202,0.08619445787372484,-0.10756491060682208,-0.0795780934589284,-0.1866845271980477,-0.4315715231147066,-0.007526092317517096,-0.19365058416394698,-0.09060214089107854,-0.1490224275771238,-0.03659612659117929,0.09065245827839524,0.1333248870090585,-0.10026929480651457,-0.12686799419163317,0.047886881107278255,0.11538429305464087,0.04097790348007782,-0.057943527182115734,0.1324961406673413,0.03835370527981239,-0.01662963165375155,-0.15666615932968497,0.20162882571753463,-0.21648111004449178,0.07974029343000799,-0.09457186327530621,0.19055215324394417,0.09536475377433114,0.3997687366182625,-0.2756370657231633,-0.1742985309068782,-0.2442707845185415,0.14529727428049594,-0.004242265619511821,-0.33387600078169055,0.011330463946837508,0.0282266479844984,-0.07639000206501503,-0.010119975570015503,-0.17182324149535053
74,-0.25978639952531585,0.1376609407050959,0.05300025722531955,-0.0220897261620137,0.11949285819433304,0.30017195348370646,0.31315910237118155,-0.10252067230474807,0.0868322426132837,-0.26435220391072195,0.12198088885525622,0.11775912534093025,0.3559750026381911,-0.21407716476892788,-0.13969577603074015,0.12562495805739096,0.034381092073117764,-0.09196571122636116,-0.19711104092915488,0.25336108975102184,-0.23416289462360146,-0.24926225701841537,0.18443002175043727,0.2892371966785185,0.40857821884572804,-0.15838306440445105,0.20328976486777026,0.11571709030258562,0.03163463221704031,-0.10721720945188143,0.07073282159030056,0.07872600671917675,-0.413169993583192,0.10262794595660601,0.49403991034981054,0.017341908946028144,-0.1277488356882097,-0.09713588206597656,-0.4717225952443103,-0.05421078133081804,0.1661750836319646,-0.3013254846596441,0.22715089473134406,-0.02541834759604289,0.01991049326453964,0.10835060917295447,-0.10425429069800521,-0.10817415338899515,-0.12109175539713607,0.34953299029023555
75,0.07362828622134475,-0.21596243113854527,0.31883981074651824,-0.5229287154236535,-0.0120055919578443,-0.11581548898475323,-0.11858508225304708,0.406629618124905,-0.06965560098489573,0.3439085815702732,0.07393919697091127,-0.03926355722779944,-0.016983123028337117,-0.158839669381482,-0.14168241613111573,-0.035243092322216,-0.010171720313525506,-0.3522498063860464,0.23542860275975547,-0.12561886437959927,0.14102753445076774,0.0822289879260981,0.3639363636321967,-0.16236927297732073,0.13862102114820907,0.13864848662998905,0.2763047182061186,0.018974232836320652,-0.14536406513055017,-0.07858758916212068,-0.3291527824549399,-0.2555098779572323,0.1547247779250119,-0.02808876831793024,-0.0357476095155923,0.5055080539884806,0.15023265707687528,-0.2599397377255123,-0.19134613289523328,0.28781917564086207,-0.09274737476066894,0.12667632631903308,0.20849886498862694,-0.04068053522675956,-0.18519664514961137,-0.022398779324355994,0.23172327724412667,0.3994712194422032,0.33751942526245204,0.15826854677530408
76,0.024331178098101175,0.13882769849130347,0.28083560768026955,0.11367235273844951,0.02609581936841864,0.017552038837110533,-0.36290322256223023,0.17539534833131548,0.1444533292128158,0.23332712546222464,-0.004331257833450212,-0.17703440522353187,0.11320990723441748,-0.24437023462712065,-0.10796005022819072,-0.05896597131537415,-0.0798227801633995,-0.09730482378655332,0.1862435756457729,-0.04216623177089283,-0.15553337801723108,0.4827167832269953,-0.051011906693455004,-0.004542869490707142,-0.10029877916792614,-0.030464408011409413,-0.28927901997428973,-0.139282140462001,0.21035323869125083,-0.16915608743961305,0.09488704215949915,0.051533714428211835,-0.07060037353293871,0.10717350967375512,-0.03534286204242327,0.15691774116380255,-0.011967791227386034,-0.5135699583873945,0.09477047505315508,0.06277579888836461,0.22763191065904206,-0.11348512498711837,0.20618461432956445,-0.08044433182638892,0.12377627828933623,-0.3316942532428016,-0.056900489262128345,0.4347546862903555,-0.03873167623934822,-0.09366799970880099
77,-0.2450889233747501,-0.41656970698159856,-0.02727338600520531,0.24287475030255834,-0.017986700014236013,0.09489685366489452,-0.013103764132834593,-0.12184518283305085,-0.10303628319346014,0.27752047869754676,0.07729658228798597,0.36551155095906807,-0.1400254468853148,0.1957160263660519,0.0772983095457095,0.19902343400395028,-0.08676471324429436,-0.20103950641482135,0.0007426663974390141,0.03155823203475135,0.10134104287102164,0.14971211011525773,-0.3941427312559085,-0.38079237439801983,0.22349709205612922,0.010152366871363859,0.1376745963483242,0.19278045702269556,0.12891639033329538,-0.03557142321230152,0.0803939943460718,-0.07087810471244686,0.05406528945389495,-0.14190601233183617,0.39874365785839044,-0.0427967537876337,0.14675250539780546,0.27180842473144395,-0.06485336441193883,-0.23473747228790087,0.018250804528845224,0.05408685180825073,-0.3234192639258437,-0.13152019983136728,-0.4354841689619184,-0.030930482934869486,0.013864095269412067,0.10429138763000928,0.04780465112666049,-0.1343139783191359
78,0.061480039830970445,0.018867704109207063,0.12145992562874769,0.28600934184702786,0.12896334153435446,0.023293517684601944,0.33145154988692666,-0.16809310369392386,-0.12079743104152399,-0.007678505583519993,-0.18469741768659798,-0.3292996476293129,0.16527915956235373,-0.1196438732849837,0.2674597117517408,0.11706598882544934,-0.017477269550561298,-0.06931171156530022,0.23425519246755422,0.012487907323538862,-0.06419484192169288,0.3299147653456671,-0.09741883463317969,0.055471247264248784,0.2776769597709817,0.2478013073712996,-0.19230732662961247,-0.21156650016140643,-0.040993732462455724,-0.15812994611207723,-0.10308700271342025,-0.2720105589878525,-0.23151291456877968,0.20996361607657948,0.11456335685301489,0.08329166017812147,-0.12190583171840447,0.1154244665314832,0.07646735804704935,-0.26528897903358084,-0.010431638735784121,0.10633752364312483,-0.047228160715505785,-0.09378355463171344,-0.23599261978208347,-0.03779707370856292,0.0688542417104826,-0.32844573214632367,0.0008498456092905258,-0.06527313003523401
79,0.15303974539550125,0.13892934494187145,0.3352555723651064,-0.1948434158286861,0.05590168476572697,0.13826740537479382,-0.1414440209899736,0.19951818766327814,0.05413951901364661,-0.10641650085548976,0.24879999099213743,-0.2380056767383331,0.12346044733986339,-0.04630516320351318,0.04906164327662128,-0.3770900756111214,0.12880099763532823,0.007823877818554233,-0.2863218435453431,-0.311017749594327,-0.045278194413468933,-0.18416915072757242,-0.1595012881623672,0.1017070872389352,0.016868612350585302,0.20123556891868655,-0.08681294740467815,-0.12793479110202396,0.06592861289081975,0.09499055903701667,-0.06766761875360482,-0.10063457182383012,-0.5459015692787749,-0.06247895871598879,-0.029475997446936533,-0.2862153567970815,-0.13558763596027365,0.1326402283724955,0.030514696268655196,0.1932091311530479,0.15009217735996824,-0.2231768466470661,0.20317480365265067,0.21742099167349604,0.27579926833544227,0.06920427898344585,0.02193439020483549,0.2992512079815425,0.16690449409211044,0.011948243084077515
80,-0.03922363773114576,0.2286455681149953,0.2423940694710335,-0.07884310355883944,0.23019157613723606,0.16783995291376114,0.1068537795980661,0.04401149971799785,-0.19112559858406467,-0.17530378282096432,-0.26892940311392116,-0.08009426457134353,0.12355124770248534,-0.16305272594102677,0.21808996579722917,0.07727334820066531,-0.1425857775841177,0.09863698025550613,-0.06860108154563836,-0.2824385415781607,-0.3586580043690281,0.009231329344805837,-0.14861791876536276,0.10588414648154934,-0.221449208261103,0.19058692438571623,0.19046332273100705,0.01059736112088381,-0.07047024339368528,0.17367540401703857,0.028912821964180203,0.07771285769556964,0.04322816481983122,0.06835452989807608,-0.007001434604554487,-0.17590999906085628,-0.007007395545117645,-0.15266601993298132,-0.2518582505707016,0.002166572710389885,-0.003388153667993027,-0.027918986623874754,-0.12711182042623834,-0.0172310270681,-0.024619193406440802,-0.3288666690483261,-0.03452195579184508,-0.09247421881295444,0.08097644429131334,-0.254755948131842
81,-0.3358860085030686,-0.14966388854362708,-0.16869227099267756,0.3234165954116918,-0.0001502166617328903,-0.2942072940526163,-0.10872562724576335,0.09343755832862187,0.024970381772159003,0.12651164834986722,-0.1883962797571087,-0.23978090081134418,0.31773394815817424,0.27086999057931893,-0.332790707829052,-0.11698845109066927,-0.1480580501277494,-0.10045967860130925,0.30177665462658476,0.22186529305681166,0.10040634073513768,0.2982744002554414,-0.015230142360486053,-0.06103678713778389,0.1726766428037788,0.02995208689510306,-0.3634059523630243,-0.07070676195817467,-0.09177973450352789,0.07863456539927915,0.19922233033804532,-0.16366698979809094,-0.3240685022285644,0.17059645222677655,0.19399833771377606,0.22628995011917852,0.4647643319343148,0.09901887161365774,-0.005582188851097862,0.03235699161105694,0.014660832955573803,-0.042183872573224784,0.09276905062549363,-0.18333436037588402,-0.018025720014547626,0.28424464067099026,-0.2875971406305408,0.20290444321975123,-0.10683331610115031,-0.401604935966508
82,-0.2428097545096191,-0.016129267755301487,-0.009622023050841158,0.1077464038882118,0.019293721971680167,0.4443282449652,-0.12328874000310859,-0.04394220628460821,-0.13068784986888263,0.37311540243356367,0.44093833694307993,0.1286765314873871,0.01922601395096256,-0.1861987947821176,-0.19777486001146527,-0.3319150486808299,-0.023735946427447942,0.324383110861678,0.036802526704038864,-0.08134413521870286,0.09909830946538943,0.13371212646902114,-0.416592775792204,0.3314931253109126,-0.0824780717453826,-0.5407064326925188,0.14055147625221362,-0.02884499767614723,-0.0832188652940877,-0.16442795065725838,-0.16926416758610435,-0.22078817529536235,0.24604721526340187,0.3730176161927099,-0.3233732300754793,0.22976330228388864,0.1753087035890938,-0.06678829991819656,-0.2561207662173831,0.2765177852435003,-0.16815141692413432,-0.04672292336015375,0.08504304266778602,-0.1935546845523925,-0.13270668167245614,0.4661531018878406,0.045216729102474346,-0.10934810136124112,0.24548417424693425,-0.02664053614212346
83,-0.22759490899074294,0.15411318812783836,-0.09825266632245888,0.03281325754191079,0.0006702915661478458,-0.028455352527124746,0.17237271073004615,-0.2872469021551284,-0.08354301068361969,-0.20322645586992283,0.0609392178733158,0.3328766425732167,-0.06261714059500822,-0.21963627104679528,0.09360949391825246,0.09702882148309379,-0.11115297114770611,0.20935986728419992,0.3817535823968267,0.025120917853911948,0.2279100159575497,-0.1147166066831936,0.23704284448510926,-0.07336360577836672,-0.22433750806072217,6.552340729991064e-05,0.056403136049327895,-0.1980676489598736,-0.28879301708845706,0.18973797687880922,0.14280364845891932,-0.5922667077639887,-0.04956406724434126,-0.013204520500090876,-0.053640987303544524,0.21380787969840329,0.3386559897940076,-0.04764618262967725,0.13532848515765633,0.009891689900422261,-0.20397165477742796,-0.08173554544216849,-0.01959766987140238,0.05728925673138627,-0.15334324754543022,-0.16453785764211323,-0.08575923274357938,0.054460933556860505,0.4297901143656825,0.1618610154356241
84,-0.03217847991880857,0.17514030479632073,-0.10219649270689844,0.03481602343810534,0.004409961999950889,-0.07278454571916275,0.08341154783522137,-0.26611221426309484,0.14577483304012454,-0.05381295298561879,0.1500870972854793,-0.09009388488139289,0.16837763102128311,0.11426759853139215,-0.48740185204307834,-0.06662417753681878,0.13922990490594608,0.3174270550787579,0.12615078306101166,-0.37732222495054923,-0.21673189795947323,-0.11650210605722469,-0.18956531313010128,-0.02730997544252957,-0.1330001450339152,0.5766096080186451,0.09071563056817011,-0.1251580682342746,-0.03651849559348156,-0.015739626864653494,-0.014715163250027247,0.113261252592251,-0.06611109560052425,-0.1721917080071301,0.302005581338943,0.06795902820580678,-0.008615778928008645,-0.3100075450561204,-0.08842175513433655,0.0018264380034397902,-0.11414359514018389,-0.011788530633655502,0.3739301584263315,0.06939071520662761,0.030115656638787694,-0.10821582119782786,-0.0628154053630894,-0.2780306067681411,0.239021159593779,0.1385133884734174
85,0.2099357151319429,-0.1171800379447104,0.007112864515395824,-0.27527144697160527,-0.2084768639405541,0.25336128670493635,-0.03767846846156586,-0.18776003701292726,-0.1729322800990524,0.051947569309874736,0.17594346286100157,-0.22056060812297448,-0.22362900460092658,-0.17477331891927955,-0.3781932033130993,0.29834934911524336,-0.07817257562823658,-0.07515897345033301,-0.0059797187509057804,0.21281073142150841,0.22838856505719807,0.25697486812666853,-0.30104747825570577,-0.12671972294732514,0.20954402410738515,-0.43679070759111954,0.07211789950336661,-0.22556447549625008,0.010188170748596612,0.1599699049298208,0.12151150312845681,0.010051735428142049,-0.012345898645270359,-0.3885205045853156,0.07981307485877,0.006932159038161536,0.19405902426824453,-0.2684704812250846,0.1456270757596235,-0.42661265381082547,-0.10251512219898845,-0.10300932379511563,-0.07441915339485017,0.10565804158614629,0.08841207886438647,0.017092999077618513,0.23020026376948152,0.08620948192701762,0.3728250309654327,-0.21999518273579774
86,0.03171030322963025,0.14007753417709776,-0.17571555007672177,0.03720415406178178,0.041207568088423296,0.2762890317185279,-0.026769741016272882,0.1084147808775928,-0.20612484168610143,-0.03238355931239882,-0.25383124489541525,-0.32341732219965835,0.17684929811897973,0.01313298538586509,0.5089034820219175,0.08952408842046944,0.09079301191859766,-0.3365890441429864,-0.1411409771357415,-0.1454401332600905,0.028132218045107737,0.1458265491513116,-0.09703859662402582,0.09116559219969761,0.18046353747217783,0.049883741741736855,-0.1450770324006246,-0.09870314604513689,0.1908561711087769,0.05977152486540617,-0.3330252036547823,0.11253154972075541,-0.008178405227172931,0.18065004938267518,0.0379525520341403,0.13910519193646342,-0.4321462810887896,-0.28540654947848537,-0.03972836433101368,0.1816668764635363,-0.001104955440413655,0.07626343398041437,-0.19270796304489887,-0.39090292694474393,0.2237905235537937,-0.09433425862328208,0.04871366740523607,-0.07709092788742508,0.1763419065766816,0.159377042288663
87,0.1753855196589656,-0.20986277761875197,-0.07851683791157549,-0.12502312995943293,0.01903310469667538,0.271930750464646,0.014915466183913227,0.36411012666918663,0.004548590276523325,0.028290809828974424,-0.0033935968572897423,0.30996193777115555,0.21152907598153942,-0.027782638969504638,-0.25864510874235935,-0.16234493250023282,-0.07150543304241905,0.21666155345237414,0.08807816915360403,-0.08587457058199462,-0.18480609660913414,0.07996246022952158,0.17133094411358485,0.042213504814336625,-0.015087413451995747,0.03542430593610548,0.19891277502955124,-0.28615165683536165,0.22585044555935185,-0.18168014850116648,-0.057617238036006296,0.13137523643324087,0.14590232409573772,0.14129765605286246,0.15358267917863747,0.18910750494686743,0.26936209953844087,0.19588638457988872,-0.10602291449221152,0.16479818325103518,0.0222679987600662,0.17581272200459028,-0.09667597569656992,-0.2313061983419299,0.3827289436035871,-0.017027525722813172,-0.4164032875084216,0.1734097154959708,-0.06133997593228233,0.27994744445322234
88,0.039861704115277695,-0.33301600670559806,-0.04255107619373928,0.12636474931283645,-0.11807356647484597,0.059344612605719986,0.33664387126972967,-0.015492724719008782,-0.13871494965938705,0.13835425508737206,-0.04491094753060375,0.06459847877403818,-0.02643895882661906,0.2724383967125683,-0.10743701751179463,0.08152791726257833,0.05575480018869216,0.08357666958619113,-0.03355702061102216,-0.19004416418711034,0.01734592747347084,-0.0160010471193998,0.01068989741504983,-0.2400721551069654,0.013196025659729597,0.12422974562696612,0.25957921025899017,-0.31209631306487834,-0.3607776740842191,0.09069238805482106,0.28610285613700664,-0.11390830265465057,0.19970745579915086,-0.013964859387771611,-0.31146255716990995,0.06377338515847003,-0.14484826455537034,-0.1278970554829335,0.19124719456702327,0.2535353043092366,0.07528973923903563,-0.06916571978151467,0.058774117427390964,0.30890236709254554,-0.011335175103710729,-0.1598470063166403,-0.30745463938931744,-0.13405102448699216,0.1443855109654234,-0.10638995417441151
89,0.011434881809862787,0.0021516231774788837,-0.027315432776065164,0.19158129874259047,-0.013829606243321458,-0.17848936460196793,0.1433445368145018,-0.09098555361822294,0.23366074844110277,-0.02954118080255619,-0.06661511638095673,-0.1289318701378006,0.2937470419643494,0.212436808033632,0.32733783657078463,-0.20583924183838925,-0.1416518848901473,0.0892901177940635,0.4305196060760861,-0.02279308041380959,-0.257938380913207,0.14925510330104025,0.37905357569943215,-0.02496804267791252,0.153136283202072,0.06829244715692988,0.2777996450294432,-0.18959755192408148,-0.04786761233951027,-0.013903113769890507,-0.3058473591937548,0.0641492802391254,-0.10746748421001061,0.08815209072653576,-0.26460669812067533,-0.462762178037043,0.06471124703660627,-0.06443486122203938,-0.28934066477404097,0.13217130123437001,-0.21768142266606422,0.16290494667165942,-0.018637918447823636,0.03206482428397052,0.25489512626002525,-0.07677849147097145,0.0928950613253106,0.03226772771632693,0.30797604064943257,0.25130963262491174
90,-0.06864575789690879,0.041736038378340584,0.057435915788891116,0.16875687257643776,0.09483586219758194,-0.10502217932753147,0.27760022644634214,-0.19812130856317306,0.06393642400641496,0.08734298617966235,0.06661665806555823,0.20703403673098256,0.15034125359021877,0.07747664830584852,-0.366436599172443,0.013918088939810806,-0.22092648333219161,-0.5541121613112765,0.2549774599328255,0.15448214047635342,-0.40177232865574597,-0.21670395888038982,-0.16657892866431323,-0.0887437255670524,-0.14896299773925178,0.1293261117353448,0.03927257381484828,-0.2250227878518913,0.3386309398778137,0.3390346235920201,0.5051618123892335,-0.04472946503535227,-0.11136097899084013,-0.2239860802032495,0.022419218551811292,0.10047031697093126,0.12152126516885782,0.07871425394696155,0.20004597805769736,-0.1500103669321604,0.14955187544192103,-0.1614162944363564,0.08166119979405458,-0.12086299549792041,0.4936460646324718,0.27325022761960444,-0.05561301211075978,-0.08161529566140478,0.23861239294008627,-0.19200309162828447
91,-0.18606085791856758,0.20219433091310865,-0.2990262690185558,-0.009701004442065203,-0.19109206930083686,-0.11143934118058647,-0.013032697191312073,0.12970153002691584,0.03973236137987636,-0.14138230017395056,-0.34880679593325176,0.1979755062228979,0.012818010269899838,0.09473592779892846,0.09389101552276287,-0.3384403708108228,-0.3432703814925626,-0.009893449052702199,-0.4924885597618282,-0.11802928363819681,0.050641998040362006,-0.09763658105556605,-0.2268187442810512,-0.0607511709471,-0.046110326316790476,0.38876991649428705,-0.013249101143301406,0.045814466147136024,-0.21522217980393965,0.020773420370824785,0.43740503466218494,-0.08199027897606413,-0.19794703761687543,-0.14691314447671655,-0.022564493901467437,0.3431147832383513,-0.04782669976528409,0.10126152829528437,-0.12870938120720216,0.07663386535749772,0.32328254737810597,-0.015997510048550868,-0.08391998686643698,-0.4754828792786544,-0.20524606246209345,0.19341724549696282,-0.2676160257837118,0.2041978128199237,0.01986237322655747,0.2028572139099163
92,-0.06064317498276909,0.06256235372638878,-0.266376076242073,0.15175471272596808,-0.03626918434826208,0.017202599571932344,-0.1462061268326099,0.04860394035816168,-0.19319746693630704,0.085709640683108,-0.010975911538461005,0.15176497890824384,-0.09497215689096304,0.2449301797907602,0.022737287507136283,0.5374229822555819,0.020396342486567187,0.07952916278019596,-0.10895947203885559,-0.173868302900256,-0.22374544992962495,0.2919808176809033,0.32674157394524356,0.06584328903661997,0.13670007826088923,-0.47691111790008667,0.10091383483618575,0.419681713793131,-0.09686406280877809,-0.25892950254520714,0.16053907636687315,0.010348571180683904,-0.1381554069982899,-0.0012552978348856,-0.062214926059347156,-0.2002600153215533,-0.06810871956844451,0.006577066480650238,0.13932743791832608,0.01868730667491938,-0.14608571485064833,-0.021273074779094583,-0.004530678619103509,-0.3156767636887614,0.10158470208039627,-0.16200688039982616,-0.020016517134216105,0.05832555956833916,0.017025164719367717,0.19148739929829145
93,-0.40711182372939725,0.10481800908770429,-0.07724839022386142,0.02948775079111048,0.2177971069425091,-0.4503750731127511,0.11042241450450895,0.0891089154561341,0.286428635073951,0.039856478239684544,0.10393302978307387,0.20140232629411658,-0.41841780121360905,-0.3716456295766031,0.026498227305975605,-0.06640377594810823,0.274283635378713,0.08427606937675242,0.08312724040873519,0.1173771122845047,0.005926757534376657,-0.06671345073777789,0.027521861325040295,-0.14281191019819606,0.06346316888705954,0.27452529416373206,-0.1493821972029592,0.14021231911245444,0.14460205801041442,-0.05657244306509895,0.011726761982673466,0.08176587404928318,-0.5578169417621193,-0.2544563292107753,-0.3706118112449026,0.15369969353642315,-0.1621688476011658,0.14417539831104945,0.1384149322434093,0.21742856304362534,-0.06353611431704896,-0.18206098538356683,-0.0799469125822249,-0.17077934061026567,0.13413830217438003,-0.45287887703714,0.039135277125678034,0.05776105631982369,-0.12772999605498828,-0.1033320106863436
94,-0.1126497639335772,0.3317247517538922,-0.2857914266203136,-0.0903108013386138,-0.0442474156906342,-0.1038459091994721,0.14445177287734573,-0.2294929122965125,-0.12214127648039513,-0.4649611031478713,-0.06482720998088802,0.08324265450239089,0.022410443025789012,-0.12490954459716148,0.038079301934959585,-0.2531334562472672,0.011054357921489115,0.07230364880032597,-0.0568359500349704,-0.09910169975133548,0.10381699923443417,0.15768208947198503,-0.1019710164322907,-0.20425895615780743,-0.07180382357434442,0.15706457917233596,0.1927637958077292,0.08886352286290591,-0.38866509818825956,0.05777320398892877,0.25882035241338275,0.06196451271503847,-0.11415172273925334,0.20159558655505472,-0.1969001547896997,0.16245609711020906,0.1793172364877164,0.07476993184796209,0.3030718891640783,0.30775225051541066,0.489209637313514,-0.02084761425013991,0.2030160461565075,-0.06785243382668851,0.05239360775143324,-0.32846586662715904,-0.012761597745164489,0.10467386529020446,0.07316396631308242,0.08297387229631856
95,-0.1284605654327013,-0.10129265499999869,0.2460990059484892,0.05502297550055077,0.2095717229398369,0.10937556038834817,0.000180975422422369,0.03397498769664551,0.18293845393599878,0.33701410839777546,0.04166261409926919,0.1447682774521722,0.2718981064856738,-0.2530365960751825,-0.0189839446975337,0.1487887377929592,0.020033253272978266,-0.19109347234309237,0.18812274794505854,-0.089401987799344,0.14248084309421102,-0.1711093034635648,0.2541301842343989,0.224788843901915,0.06927860657062206,0.15620421803473536,-0.11459174403442979,0.4906420823124326,0.07485972219788896,-0.30755450541766827,-0.057203673501441725,0.1753013734743833,-0.0789813861606271,0.055089499454455015,-0.18048008305028054,0.2990170704125185,0.10885340061448333,0.08604393867798618,0.06368958694352937,-0.3719220463158843,0.10290839041467066,-0.17361865496905687,-0.10649638521809623,-0.1529315971084049,0.11955909199703561,-0.1869427305787661,-0.0265717396935065,-0.246838890990541,-0.1380999855567194,-0.030722758287869967
96,0.22364041738184426,-0.04463368746221479,0.25060373253686535,0.2612016310495369,0.19085197018912586,0.16331410893848125,-0.017839235773388838,-0.007396722895284296,0.24081015594854804,0.38059346180193787,0.06925047703694313,0.15857894632730204,0.19317216630423498,-0.03460434094963867,-0.24839392095273127,0.027113596324593554,0.04931857525755295,-0.004596912827265354,0.12815461909809797,-0.31526722853680345,0.01640173988059133,0.11907035027480413,0.0798923049326183,0.32009374134627033,-0.08930821431941768,0.04125842151317031,-0.024627947965096583,0.13921805123119022,-0.13516872434277002,-0.1114925296691538,-0.18701988580685577,-0.13370949870886928,0.24135915771050956,-0.279774952835809,-0.529822035093696,-0.1218173232090009,-0.007031121092109448,-0.3097567015402224,0.49015384024489217,0.2617644532384017,-0.2978539603147344,-0.05080075780920432,0.04403298940134996,-0.08883766227424358,-0.14095675431123852,0.14286069444250002,-0.06976494932702587,0.08267603746807428,0.03595879570427918,-0.20877660702279846
97,-0.18497336738696854,0.3225281721931458,-0.1407826481124498,0.2637809375619356,0.09984328880837835,0.05236274312398336,0.21353506196093158,-0.32913712509155907,0.02270878640834023,-0.062099490920364764,0.12335857719227972,-0.20358745624717703,-0.3965636133555253,0.018651167436924684,-0.024488596361985943,-0.31328367595598244,0.4506425479782381,-0.07662811893851523,0.033816726666409586,0.2547275044276397,0.09566380498846594,-0.5306454507162279,0.22133948106855195,0.0721453625732176,0.1994704109868786,-0.10632821993273114,0.05305147435499613,0.2640471953633848,-0.2860307705374325,-0.1864992249935551,-0.030674996694146434,0.27508372772249634,-0.2590292779128527,0.05436901397499549,-0.130254912311581,-0.16100403064433225,0.11030916242920985,-0.09962992353687218,0.03699530902781629,0.14739654918444003,0.14452072365018184,-0.19555366694961387,-0.2054467266018729,0.06636053500382248,0.059445569686674964,0.1738499150213068,0.15062485298426023,0.09478276421499497,0.43625103529957676,-0.002510900421690741
98,-0.16433540976088323,0.046611403650942435,-0.049460590532467444,-0.14654082075362487,-0.27097882760893305,0.23851089343176202,0.10335509530019607,0.23637676252602127,-0.17317807660099158,0.04411513843957679,0.17925216923615178,0.41471184609094175,0.18413490201952482,-0.1349726911098945,0.18243644715398422,0.051980587824704265,0.26005190990254967,0.18476719653984267,-0.06659304762811002,-0.13086012046770676,-0.005360956232009122,0.2995034271056759,-0.4356565967490723,0.20492118506281334,0.1410092150084744,0.23912266750022845,0.02730402462527399,0.1404058173235183,0.18384207786739284,-0.10705786156315762,-0.16915907528769358,-0.11390560002819101,-0.3851497863952858,0.04184075435526546,0.025641105037060713,-0.03801242923611283,0.13317121620316172,0.05991368332682861,0.2526009779552838,0.06589289398152295,-0.031143796417013144,0.02699001650931156,0.08564662418981948,-0.3081253359484912,-0.24534473638975487,-0.022897017575638695,0.15094535391872135,-0.14910962413408324,-0.16012854568065854,-0.3296651633834274
99,-0.04556930768474332,-0.31165340700466504,-0.23185827303501305,-0.012839525188631669,-0.14355117954416005,-0.004219321203808875,0.2107691067266938,-0.025331526042457215,-0.14676049902284885,-0.3044859092228981,0.1285567495729115,0.4527648763327925,-0.0245991172629563,0.3405544557640837,-0.04394801826650203,0.2727088427957277,-0.00047577942901739877,0.10286409113482176,-0.12377954087494447,-0.09521039759019695,-0.24182816150412287,-0.2016694249861007,-0.013243764559896485,-0.061916455666242,-0.18931001623968435,0.15656452473778393,0.1622924228915989,0.13313682134321247,0.18267351066444076,-0.04881076338842944,0.13655290240214255,-0.14120144924583025,0.2813114252045553,-0.11232851147527985,0.2263173935829355,0.08225478266363351,0.017308377406386976,0.049515615001603445,-0.050405429364018095,-0.40681248931292835,-0.11191406588497577,-0.14037119896656874,0.2700572164849424,-0.08453466339372738,0.081360429765948,0.4035850537983354,0.3577688320578319,-0.16973012381173375,-0.4292461383124625,0.03700974559875612
